Sol,Filename,SCLCK,LTST,Ls_deg_,Comment,RMS_20_60,RMS_100_1000,Gustiness,MeanPressure,SD_Pressure,MeanTemp1,MeanTemp2,MeanTemp3,MeanCleanWS,MeanCleanWD,SD_CleanWS,SD_CleanWD,Incident_WD,GroundTemperature,TurbulentHeatFlux,Downwelling Flux
38,LS__0038_0670313275_665EA2__0031392SCAM02038_001_LUJ02.fits,670313089.95,11:53:28,24.2096,Passive Atmospheric Recording,0.0002399409411239,0.0002020185338319,0.045944452399927754,737.694583333333,0.0282600025568293,238.239701492537,241.643164179104,238.88871641791,2.89274626865672,74.8088059701492,1.30455314283992,61.242887782658,-44.9911940298508,271.505554,17.2456703,16.144
38,LS__0038_0670327831_525EA2__0031392SCAM07038_001_LUJ01.fits,670327645.59,15:49:38,24.288,Passive Atmospheric Recording,0.0059064333303371,0.0002781018748448,0.1232894278506657,732.54125,0.0776464233939206,243.393611940299,244.36128358209,255.600656716418,8.11047904191617,107.022095808383,2.23735386615132,9.97304678927475,-12.780904191617,254.550903,6.75707579,19.087
88,LS__0088_0674754017_977EA2__0040048SCAM03088_001_LUJ01.fits,674753832.215,12:43:48,47.5225,Passive Atmospheric Recording,0.0004141723377414,0.0002334665342877,0.04213033272219946,750.151130952381,0.038852177941838,242.013492537313,240.537462686567,240.585134328358,2.55693811074919,80.7226058631921,0.966740568209777,50.8696498018717,-136.673394136808,265.299316,14.0057755,16.298
89,LS__0089_0674864919_120EA2__0040048SCAM07089_001_LUJ01.fits,674864733.29,18:43:07,48.0923,Passive Atmospheric Recording,0.0026009401346316,0.0002646636397123,,,,,,,,,,,,229.682922,8.95313072,14.297
105,LS__0105_0676260248_420EA2__0040510SCAM05105_001_LUJ01.fits,676260065.41,12:01:24,55.2253,Passive Atmospheric Recording,0.0028528058409333,0.0007279277625139,0.12110277881609564,754.276071428571,0.100829112053354,236.197223880597,243.210925373134,236.306925373134,4.94173134328358,150.658149253731,1.94986595257128,38.0503280751213,-81.523850746269,277.155975,25.3774948,15.521
113,LS__0113_0676967842_497EA2__0040922SCAM03113_001_LUJ01.fits,676967656.75,11:21:24,58.8222,Passive Atmospheric Recording,0.0080912410313701,0.0031484032615784,0.26918358770235146,755.355654761905,0.0712727734879258,230.579253731343,239.059701492537,231.947552238806,3.90364179104478,158.854149253731,1.50480404061243,40.8416788603669,-94.482850746269,266.770233,18.8008041,15.298
117,LS__0117_0677326401_420EA2__0041250SCAM01117_001_LUJ01.fits,677326364.785,12:21:02,60.641,360 turn,0.0145207686590775,0.0039869874729685,,753.038064516129,0.0603003236496963,243.569344262295,239.820819672131,240.133278688525,5.59819672131148,107.296229508197,1.79085129495884,8.19910242321976,83.674029508197,268.747223,18.4656353,15.976
117,LS__0117_0677326456_436EA2__0041250SCAM01117_002_LUJ01.fits,677326418.78,12:21:55,60.6412,360 turn,0.008651943364605,0.000631367378442,,752.934516129032,0.0602682176981942,242.772131147541,236.692131147541,237.301967213115,7.95914893617021,114.181276595745,1.77280891070006,3.78779597323762,105.314416595745,268.747223,18.4656353,15.976
117,LS__0117_0677326510_446EA2__0041250SCAM01117_003_LUJ01.fits,677326472.915,12:22:48,60.6415,360 turn,0.0016231316378039,0.0001803403244614,,753.057419354839,0.0303279565127234,243.331147540984,235.895245901639,236.29868852459,5.38901639344262,107.297868852459,1.02731154787311,5.3171430658309,113.372868852459,268.747223,18.4656353,16.055
117,LS__0117_0677326564_444EA2__0041250SCAM01117_004_LUJ01.fits,677326526.84,12:23:40,60.6418,360 turn,0.0002212355015756,0.0001823029245359,,752.938387096774,0.0474760833960004,241.031147540984,236.067704918033,235.021803278688,1.9383606557377,132.772131147541,0.543991973984509,35.2463520152443,153.797131147541,268.747223,18.4656353,16.055
117,LS__0117_0677326618_450EA2__0041250SCAM01117_005_LUJ01.fits,677326580.855,12:24:33,60.6421,360 turn,0.0009339500347183,0.0001775550188562,,752.840967741936,0.0385015011577202,241.47606557377,236.42868852459,236.988524590164,5.54803278688525,111.382295081967,1.3628631866676,6.01628024431559,147.367295081967,268.747223,18.4656353,16.055
117,LS__0117_0677326673_459EA2__0041250SCAM01117_006_LUJ01.fits,677326635.785,12:25:26,60.6423,360 turn,0.0024173226308171,0.0001889445812259,,752.824838709678,0.031714451778553,242.98868852459,237.130983606557,237.416885245902,6.8627868852459,111.708852459016,0.787003030802171,3.54660593542646,162.641852459016,268.747223,18.4656353,16.055
117,LS__0117_0677326727_445EA2__0041250SCAM01117_007_LUJ02.fits,677326689.84,12:26:19,60.6426,360 turn,0.0029064363115491,0.0002371255887593,,752.784193548388,0.063758617380896,237.122459016393,242.309836065574,236.820163934426,5.81098360655738,156.098852459016,1.04737879954044,23.2966890421766,-138.015147540984,268.747223,18.4656353,16.055
117,LS__0117_0677326782_433EA2__0041250SCAM01117_008_LUJ01.fits,677326744.795,12:27:12,60.6429,360 turn,0.0002728801566734,0.0001759269679161,,752.887419354839,0.0461134645510737,237.850491803279,240.351147540984,238.478196721311,4.29622950819672,138.875081967213,0.834530135134788,16.1169697961446,-140.285918032787,268.747223,18.4656353,16.067
117,LS__0117_0677326837_416EA2__0041250SCAM01117_009_LUJ01.fits,677326799.8,12:28:06,60.6432,360 turn,0.0002756064780422,0.0001808817730671,,752.763548387097,0.028699406160714,241.833934426229,235.45131147541,236.664262295082,4.07426229508197,119.310491803279,0.812521710512799,8.17085642721119,-144.903508196721,268.747223,18.4656353,16.067
117,LS__0117_0677326892_421EA2__0041250SCAM01117_010_LUJ01.fits,677326854.905,12:28:59,60.6434,360 turn,0.0002350518303577,0.0001806478836968,,752.711935483871,0.0423020373692692,244.148360655738,234.981967213115,235.456557377049,3.83967213114754,106.314918032787,0.809073476706771,8.4067781428541,-142.943081967213,268.747223,18.4656353,16.067
117,LS__0117_0677326947_458EA2__0041250SCAM01117_011_LUJ01.fits,677326909.795,12:29:53,60.6437,360 turn,0.00021072683129,0.0001872078649814,,752.687741935484,0.0236233891753546,245.235245901639,236.622786885246,236.96606557377,3.39508196721311,94.0536065573771,0.944460380236284,10.0641053639137,-140.248393442623,268.747223,18.4656353,16.067
117,LS__0117_0677327002_421EA2__0041250SCAM01117_012_LUJ01.fits,677326964.835,12:30:46,60.644,360 turn,0.002425529244498,0.0002490345503581,,752.588387096774,0.0703845046485649,240.784098360656,244.320819672131,240.253770491803,6.40213114754098,174.882131147541,1.49427810302511,22.3524105422476,-44.471868852459,268.747223,18.4656353,16.067
117,LS__0117_0677327056_431EA2__0041250SCAM01117_013_LUJ01.fits,677327018.925,12:31:39,60.6443,360 turn,0.0007024969140692,0.0001926474687835,,752.627741935484,0.0358431469432444,233.744590163934,245.203442622951,234.230983606557,5.93131147540984,175.862295081967,0.997312180161986,8.33669046913354,-28.534704918033,268.747223,18.4656353,16.067
117,LS__0117_0677327111_461EA2__0041250SCAM01117_014_LUJ01.fits,677327073.8,12:32:33,60.6446,360 turn,0.0008764255927406,0.0002061286551998,,752.608064516129,0.055221937358183,238.570327868852,243.243606557377,238.867704918033,4.66482142857143,153.42625,0.887972135253699,15.6692192254868,-36.01275,268.747223,18.4656353,16.222
117,LS__0117_0677327166_457EA2__0041250SCAM01117_015_LUJ01.fits,677327128.8,12:33:26,60.6448,360 turn,0.0353801766675575,0.0447584129791524,,752.397419354839,0.112040699210462,242.036393442623,236.745737704918,237.239016393443,11.3744262295082,117.838360655738,1.8077025240068,3.31528489491118,-56.654639344262,268.747223,18.4656353,16.222
117,LS__0117_0677327221_431EA2__0041250SCAM01117_016_LUJ01.fits,677327183.8,12:34:20,60.6451,360 turn,0.0019975963717645,0.0002028022825407,,752.630322580645,0.0680433132138563,241.315081967213,235.53,236.360327868852,6.75245901639344,115.877704918033,1.38787085823058,5.06789482706006,-43.670295081967,268.747223,18.4656353,16.222
117,LS__0117_0677327276_429EA2__0041250SCAM01117_017_LUJ01.fits,677327238.8,12:35:13,60.6454,360 turn,0.0004425410674015,0.0001825041688684,,752.707741935484,0.038532209679647,239.617868852459,238.289836065574,237.914262295082,4.65114754098361,140.103278688525,0.799841855953737,16.1831235882026,-4.490721311475,268.747223,18.4656353,16.222
117,LS__0117_0677327331_415EA2__0041250SCAM01117_018_LUJ01.fits,677327293.8,12:36:07,60.6457,360 turn,0.0014972954543287,0.0001817853910781,,752.817419354839,0.0474670230746605,237.068032786885,242.988524590164,237.482950819672,4.42950819672131,154.025901639344,1.83275969167583,8.71144924358153,24.385901639344,268.747223,18.4656353,16.222
117,LS__0117_0677327385_448EA2__0041250SCAM01117_019_LUJ01.fits,677327347.865,12:36:59,60.6459,360 turn,0.0048125065411959,0.0006781145536326,,752.707096774194,0.049138820253583,236.132459016393,244.76868852459,237.052786885246,5.82606557377049,161.900327868852,1.69916673567617,5.01617848141162,47.212327868852,268.747223,18.4656353,16.197
117,LS__0117_0677327439_437EA2__0041250SCAM01117_020_LUJ01.fits,677327401.88,12:37:52,60.6462,360 turn,0.0043008216220442,0.0002229520120716,,752.642580645161,0.0285152289061401,237.109180327869,246.132295081967,237.355409836066,4.28672131147541,182.271967213115,0.673156052515501,7.66532665528615,82.536967213115,268.747223,18.4656353,16.197
117,LS__0117_0677327494_433EA2__0041250SCAM01117_021_LUJ01.fits,677327456.795,12:38:45,60.6465,360 turn,0.0074176259975686,0.0006684183505309,,752.603225806452,0.0760871034527406,239.074098360656,240.979836065574,237.073278688525,6.48114754098361,135.125901639344,1.46212299797322,25.8128249375544,50.344301639344,268.747223,18.4656353,16.197
117,LS__0117_0677327548_458EA2__0041250SCAM01117_022_LUJ01.fits,677327510.85,12:39:38,60.6468,360 turn,0.0215733391510637,0.0046367981019634,,752.470967741936,0.0951964578721148,245.389180327869,244.109672131148,244.408524590164,6.81262295081967,66.6109836065574,2.56842941739327,31.2596807781162,-3.21981639344261,268.747223,18.4656353,16.197
117,LS__0117_0677327603_462EA2__0041250SCAM01117_023_LUJ01.fits,677327565.805,12:40:31,60.647,360 turn,0.0109765459067475,0.0008950047519755,,752.436129032258,0.128521785944506,245.440819672131,239.364262295082,239.734590163934,9.19590163934426,103.701475409836,2.34704876887918,5.50194324339609,48.830175409836,268.747223,18.4656353,16.197
117,LS__0117_0677327657_475EA2__0041250SCAM01117_024_LUJ01.fits,677327619.86,12:41:24,60.6473,360 turn,0.0591752366129174,0.0405589436613052,,752.113225806452,0.0686725125395458,244.658524590164,237.125081967213,237.451147540984,12.0254098360656,110.729344262295,1.61629367563622,6.23665157726282,70.806644262295,268.747223,18.4656353,16.197
124,LS__0124_0677976559_365EA2__0041712SCAM05124_001_LUJ02.fits,677976376.49,20:06:41,63.9335,Passive Atmospheric Recording,0.0002594321742251,0.0002282862461127,,763.792738095238,0.0586546002703789,212.308985074627,213.250776119403,213.586358208955,3.14250746268657,265.408059701493,0.511603952277597,5.70558483591108,58.382059701493,216.035629,1.38523543,14.036
126,LS__0126_0678165207_374EA2__0041776SCAM08126_001_LUJ01.fits,678165024.67,23:07:14,64.8878,Passive Atmospheric Recording,0.0006571955887688,0.0002456675951563,0.036847594990265145,753.830178571429,0.0284630912238933,205.284388059702,205.342895522388,204.957432835821,4.6709552238806,285.569552238806,0.674038002287719,4.25231625252455,137.703552238806,200.941895,-1.61980939,12.989
128,LS__0128_0678303882_432EA2__0041860SCAM05128_001_LUJ01.fits,678303699.415,12:37:03,65.5891,Passive Atmospheric Recording,0.0129136444243532,0.0044294459334398,0.23356681122950743,749.845892857143,0.10640185017719,235.909641791045,248.02071641791,236.198835820896,6.97083582089552,154.598119402985,1.60172359069487,17.1959870088128,56.078719402985,269.571899,17.5137062,18.033
129,LS__0129_0678353733_115EA2__0041878SCAM01129_001_LUJ01.fits,678353549.475,02:05:47,65.8412,Passive Atmospheric Recording,0.0002081725762231,0.0002045117082023,0.03203392330932614,750.595416666667,0.0283657499189327,197.622865671642,199.131910447761,198.416149253731,1.2618691588785,265.908940809969,0.594901458501408,121.051458108214,78.216940809969,194.101288,-0.186938703,11.046
131,LS__0131_0678542508_462EA2__0050000SCAM01131_001_LUJ01.fits,678542325.54,05:08:24,66.7955,Passive Atmospheric Recording,0.0002082750491345,0.0002118341773261,0.02652597460178823,752.286845238095,0.0827024091558471,193.570746268657,195.178089552239,194.415850746269,1.69113432835821,109.429014925373,0.305528740453636,10.9518435238837,-79.972985074627,190.555161,-0.405598342,10.276
131,LS__0131_0678586886_725EA2__0050500SCAM07131_001_LUJ01.fits,678586703.84,17:08:23,67.0198,Passive Atmospheric Recording,0.0467788300044989,0.0191316854925996,0.20849338497200565,756.721964285714,0.051274287991812,240.679253731343,237.385641791045,236.67823880597,7.2865671641791,112.353432835821,1.15665317342289,6.90279886657085,-96.099567164179,240.86821,2.69758129,15.771
132,LS__0132_0678642370_622EA2__0050500SCAM01132_001_LUJ01.fits,678642187.725,08:08:31,67.3002,Passive Atmospheric Recording,0.0011672124944557,0.0001806751302945,0.0989649603527089,763.058869047619,0.0545907539191309,209.913671641791,228.675492537313,213.463194029851,3.08217910447761,153.481970149254,0.592189455376466,15.9951412813356,-54.971029850746,222.282852,4.69804239,12.093
137,LS__0137_0679113861_542EA2__0051812SCAM04137_001_LUJ01.fits,679113678.7,15:37:44,69.6826,Passive Atmospheric Recording,0.0065871737785393,0.0007359961714696,0.14252526989453007,750.105476190477,0.0907573558082484,239.309104477612,254.851253731343,240.604626865672,,,,,,253.718399,1.93955994,18.191
138,LS__0138_0679198150_584EA2__0051812SCAM04138_001_LUJ01.fits,679197967.71,14:25:11,70.1084,Passive Atmospheric Recording,0.0022452803868352,0.0003131437708276,0.07636864936565776,746.529702380953,0.0563715815272023,237.234865671642,238.891641791045,248.331731343284,,,,,,258.701508,12.9123726,18.656
140,LS__0140_0679390046_869EA2__0051812SCAM05140_001_LUJ01.fits,679389863.915,18:18:22,71.0778,Passive Atmospheric Recording,0.0009249937623085,0.0002097665300484,0.04001341948961652,757.136011904762,0.0668104825307486,225.29728358209,231.222537313433,226.159164179104,,,,,,230.498306,0.119900726,15.179
143,LS__0143_0679623247_482EA2__0051812SCAM01143_001_LUJ01.fits,679623064.73,09:21:39,72.2558,Passive Atmospheric Recording,0.0009688171014559,0.0001849548509828,0.05367766521976375,752.83130952381,0.0480463788389167,221.236985074627,220.275343283582,229.057880597015,3.01042345276873,165.827459283388,0.974240184835764,28.4651320141412,78.566359283388,234.101196,4.8590312,13.642
143,LS__0143_0679667064_822EA2__0051812SCAM04143_001_LUJ01.fits,679666882.09,21:12:31,72.4772,Passive Atmospheric Recording,0.0003694043729344,0.0001976137994872,0.04459080626200948,753.915773809524,0.0474688302876091,215.134925373134,217.715910447761,216.988208955224,1.36207207207207,286.743963963964,0.622777180439937,24.5320317509582,-160.310736036036,216.438477,0.102758467,14.098
146,LS__0146_0679877815_499EA2__0051812SCAM01146_001_LUJ01.fits,679877631.835,06:11:22,73.5419,Passive Atmospheric Recording,0.0002505213457487,0.0002473776626352,0.015414884499896333,752.332797619047,0.0864463115738092,200.690119402985,199.223402985075,201.701104477612,1.1605671641791,135.844716417911,0.663386774582547,138.435724774555,48.745016417911,205.850388,1.84023881,10.995
147,LS__0147_0679955553_369EA2__0051812SCAM01147_001_LUJ02.fits,679955370.685,03:12:43,73.9347,Passive Atmospheric Recording,0.0002066278404523,0.0002435411753614,0.01345024427545573,740.187619047619,0.028204516036217,196.424149253731,198.969104477612,197.293462686567,0.650686567164179,76.8628059701492,0.293537897509178,30.8487986141323,-10.4157940298508,205.926544,2.69085145,10.391
148,LS__0148_0680034472_489EA2__0051812SCAM01148_001_LUJ02.fits,680034289.585,00:32:52,74.3335,Passive Atmospheric Recording,0.0002093919022811,0.0002172002200513,0.006968075672608094,744.390416666667,0.0324886745198336,200.235701492537,201.232388059702,203.068746268657,1.0050447761194,231.6,0.355993062942732,10.195610097952,144.3434,209.564011,3.11638212,11.655
148,LS__0148_0680077492_583EA2__0051812SCAM04148_001_LUJ01.fits,680077309.665,12:10:57,74.5509,Passive Atmospheric Recording,0.0086917088063724,0.0020673404758726,0.2326353291074795,740.555595238095,0.045749937089091,235.963432835821,242.005820895522,236.227194029851,4.31853731343284,75.9841194029851,1.77841531364166,97.8110282700432,-164.488880597015,257.790161,9.40136623,16.979
155,LS__0155_0680665540_585EA2__0052296SCAM08154_001_LUJ01.fits,680665357.65,03:10:54,77.5237,Passive Atmospheric Recording,0.0002273404942541,0.0003084799702565,0.008542268318592883,735.227857142857,0.0281812537415547,196.633630952381,199.977619047619,199.636369047619,1.21336448598131,99.1609345794392,0.361430449284855,13.3528516163452,5.05843457943919,191.424026,-0.133270234,11.591
155,LS__0155_0680671316_663EA2__0052296SCAM09154_001_LUJ01.fits,680671130.815,04:44:33,77.5529,Passive Atmospheric Recording,0.0002065828328263,0.0003817451929367,,,,,,,,,,,,190.053711,-0.0129709058,10.571
158,LS__0158_0680980341_523EA2__0060000SCAM05158_001_LUJ01.fits,680980158.645,16:17:54,79.1165,Passive Atmospheric Recording,0.0028666086033058,0.0002718677722568,0.07588491296645562,737.662321428571,0.0331928354993411,239.375952380952,252.485476190476,240.719761904762,5.56202380952381,73.0070238095238,1.11216170771177,12.0000563651133,-37.6719761904762,252.011002,8.24494076,16.72
169,LS__0169_0681901140_396EA2__0060170SCAM01169_001_LUJ01.fits,681900957.6,01:15:52,83.7836,Passive Atmospheric Recording,0.0002112700208898,0.0002037895060634,0.026702165684976336,725.012797619048,0.043581097853365,197.961547619048,200.65130952381,200.023928571429,0.669880952380952,122.793690476191,0.171394380441693,19.689893348398,-64.205309523809,197.678101,0.0278855897,11.408
171,LS__0171_0682102938_430EA2__0060892SCAM01171_001_LUJ01.fits,682102755.535,07:49:35,84.8085,Passive Atmospheric Recording,0.0002131960969182,0.0001857424189359,0.05199406257232737,737.112976190476,0.0286327044660568,213.634702380952,218.313214285714,224.413571428571,2.23839285714286,76.5020238095238,0.556653097616818,13.7493605538639,159.399023809524,227.377579,2.88821268,14.357
172,LS__0172_0682245145_545EA2__0061450SCAM04172_001_LUJ01.fits,682244961.945,22:16:33,85.5312,Passive Atmospheric Recording,0.000245533059798,0.0001920098800593,0.012458719599390653,727.742380952381,0.0379920901827163,205.847380952381,207.799345238095,206.182083333333,2.45410714285714,306.624642857143,0.326638349258257,5.09144943574176,14.025642857143,205.493378,-0.0429160073,13.732
173,LS__0173_0682281038_232EA2__0061450SCAM01173_001_LUJ01.fits,682280855.28,07:58:50,85.7137,Passive Atmospheric Recording,0.0002148191006804,0.0001902053833958,0.023655830364875258,736.621130952381,0.0273243019915665,225.874642857143,227.871428571429,222.653869047619,,,,,,235.732468,12.0999966,14.168
173,LS__0173_0682323010_958EA2__0061648SCAM09173_001_LUJ01.fits,682322828.06,19:19:45,85.9272,Passive Atmospheric Recording,0.0002396946705062,0.0002093115341848,0.009502900336129218,737.011488095238,0.0358913844006213,217.896011904762,218.072976190476,221.540119047619,3.10809523809524,46.4632142857143,0.637773965911086,6.3075744146005,-44.2069857142857,215.934189,-0.190820768,15.92
176,LS__0176_0682536245_311EA2__0061752SCAM01176_001_LUJ01.fits,682536062.415,04:58:59,87.0122,Passive Atmospheric Recording,0.000216337695548,0.0003418590603015,0.006746739148914618,718.366904761905,0.0674155260369726,195.335119047619,198.824047619048,197.918928571429,0.54672619047619,92.5856547619047,0.399130037525193,34.4380690800737,8.71535476190471,196.980087,0.418645024,10.186
179,LS__0179_0682824375_600EA2__0062666SCAM01179_001_LUJ02.fits,682824192.69,10:53:12,88.4802,Passive Atmospheric Recording,0.0028158660427389,0.0002652864536579,,715.146369047619,0.0718650231418865,230.786726190476,243.243095238095,231.71625,5.01880952380952,185.238571428572,1.87675787760868,48.659094137256,-150.439428571428,268.681244,17.2938156,17.054
181,LS__0181_0683012163_616EA2__0070000SCAM05181_001_LUJ01.fits,683011980.83,13:39:37,89.4382,Passive Atmospheric Recording,0.0107173809716031,0.0030055479653019,0.20300645985354782,708.670892857143,0.0793222062461985,248.092976190476,245.454404761905,249.82875,5.18577380952381,83.58125,1.83355467628503,19.6399211612105,108.11525,275.83252,14.603385,19.108
186,LS__0186_0683446315_417EA2__0070000SCAM01186_001_LUJ02.fits,683446132.455,11:02:39,91.657,Passive Atmospheric Recording,0.0029900761282609,0.0002844162958677,0.09375344177851758,708.951190476191,0.079608394253998,241.440179104478,236.729940298507,236.720597014925,3.58867549668874,121.498145695364,1.35745775894829,23.9939482482277,46.014645695364,273.058289,17.1197929,16.211
199,LS__0199_0684631198_368EA2__0070346SCAM06199_001_LUJ01.fits,684631015.52,19:24:21,97.7458,Passive Atmospheric Recording,0.0002305048245257,0.0002095159454349,0.009470007540439338,708.960297619048,0.0308837029526856,221.334761904762,224.218214285714,223.580238095238,2.0797619047619,145.197202380952,0.807092031779288,11.3736969866629,-142.751797619048,215.40506,-0.633706093,15.148
200,LS__0200_0684711476_575EA2__0071172SCAM15367_001_LUJ01.fits,684711290.71,17:06:37,98.1603,Passive Atmospheric Recording,0.0132793461862442,0.0021315743507179,0.1662682275528098,693.764226190476,0.0735213279073269,239.510952380952,238.682023809524,250.654821428571,8.7847619047619,82.4991666666667,1.64681399986666,7.07486386459802,133.847166666667,239.062836,1.06981862,17.428
201,LS__0201_0684796944_421EA2__0071358SCAM05201_001_LUJ01.fits,684796761.545,16:13:09,98.602,Passive Atmospheric Recording,0.0043178441941276,0.0002319363584819,0.10864457482441144,688.849940476191,0.128894409850818,240.917738095238,246.128333333333,242.484226190476,6.24482142857143,68.1823214285714,1.22072373409677,11.2433265887945,22.5293214285714,247.219604,7.99823666,18.828
202,LS__0202_0684859376_414EA2__0071358SCAM01202_001_LUJ01.fits,684859193.535,09:05:57,98.9248,Passive Atmospheric Recording,0.0023218048898653,0.0001993179398068,0.10502869550271927,701.853988095238,0.0733063449962548,225.5475,222.991369047619,238.12125,3.1078431372549,135.50954248366,1.07499200803423,29.1507907570787,91.66884248366,253.917221,12.5034122,15.699
203,LS__0203_0684934265_372EA2__0071556SCAM01203_001_LUJ01.fits,684934082.615,05:20:50,99.3122,Passive Atmospheric Recording,0.0002094288847031,0.0002463399557966,,,0.0,0.0,0.0,0.0,,,,,,253.917221,,15.699
209,LS__0209_0685511482_310EA2__0071836SCAM05209_001_LUJ01.fits,685511299.43,17:24:39,102.307,Passive Atmospheric Recording,0.0065177603975352,0.0010678668967204,0.10916727933952133,685.901964285714,0.0937716613127628,238.077797619048,237.517857142857,247.206369047619,8.88660714285714,93.301369047619,1.60905775617383,4.67521044716318,-142.598630952381,237.660568,0.0397912897,16.481
211,LS__0211_0685653667_398EA2__0072050SCAM01211_001_LUJ01.fits,685653484.555,07:51:14,103.047,Passive Atmospheric Recording,0.0018331873342142,0.0001935479308949,0.11454739171381234,695.213690476191,0.055839371037432,211.600357142857,213.024047619048,228.514464285714,4.2614880952381,157.473333333333,1.29463685976409,9.16309531591061,-78.159666666667,219.450714,2.53705573,14.339
214,LS__0214_0685924103_365EA2__0072050SCAM02214_001_LUJ01.fits,685923917.515,08:58:17,104.458,Passive Atmospheric Recording,0.0004550743832233,0.000192395280776,0.0990972089419846,689.467321428571,0.0872704737352238,237.513214285714,227.722261904762,226.303273809524,2.31909090909091,237.304480519481,0.893585978055975,22.1697261059024,1.66748051948099,232.694,1.46945477,15.93
215,LS__0215_0686020522_057EA2__0072050SCAM01215_001_LUJ01.fits,686020338.97,11:02:28,104.962,Passive Atmospheric Recording,0.0073682493338766,0.0028553498360646,0.22531640768074992,677.939761904762,0.282923049526257,237.289404761905,237.634761904762,244.008928571429,5.72589285714286,178.319404761905,1.35212156663764,24.1656569224565,14.724404761905,256.202393,8.74890327,16.993
215,LS__0215_0686036940_180EA2__0072050SCAM04215_001_LUJ02.fits,686036757.355,15:28:49,105.048,Passive Atmospheric Recording,0.0010874326230277,0.000207258547279,0.034188492832284846,670.989821428572,0.0629368394949286,245.301547619048,247.329107142857,258.613928571429,5.80782608695652,139.953354037267,1.90855530953788,21.1993621939464,-23.438645962733,260.651581,8.14683342,17.811
216,LS__0216_0686117574_583EA2__0072050SCAM01216_001_LUJ02.fits,686117390.945,13:16:53,105.47,Passive Atmospheric Recording,0.0015069521567569,0.000212267477927,0.055892775940824396,669.787202380952,0.102682147753888,242.652261904762,243.645654761905,247.800119047619,3.40371794871795,174.588076923077,1.65598668295593,38.1945301626088,128.878276923077,267.064148,8.62995338,17.373
217,LS__0217_0686206767_874EA2__0072050SCAM15367_001_LUJ02.fits,686206582.12,13:23:47,105.937,Passive Atmospheric Recording,0.0060621785408065,0.0013651262774092,0.15653585360613456,668.611488095238,0.0415225194070252,242.39494047619,243.679166666667,243.34744047619,5.961375,78.96725,1.37175528535271,14.1215522402091,46.10855,266.963806,11.0293245,17.872
217,LS__0217_0686218323_057EA2__0072050SCAM15367_001_LUJ01.fits,686218137.16,16:31:14,105.997,Passive Atmospheric Recording,0.0116318312122196,0.0011968861515757,0.18874191431506868,671.427261904762,0.0748147603112027,242.838571428571,244.115238095238,244.636428571429,6.79017857142857,79.3571428571429,1.46740492483509,9.57627264523504,46.4984428571429,252.161819,3.75845742,18.669
218,LS__0218_0686269700_022EA2__0072050SCAM15367_001_LUJ01.fits,686269514.1,06:24:41,106.266,Passive Atmospheric Recording,0.0002120023632525,0.0002150811314414,0.01975237189794775,685.419166666667,0.0828779975328164,204.947440476191,207.033630952381,208.365952380952,0.777857142857143,165.483690476191,0.421789945248516,7.49955787595236,132.624990476191,205.3237,0.0272189472,11.336
218,LS__0218_0686314041_937EA2__0072050SCAM15367_001_LUJ01.fits,686313856.085,18:24:01,106.499,Passive Atmospheric Recording,0.0016060609465119,0.0001922664033137,0.05848323564296742,680.343035714286,0.139596333911042,228.950714285714,229.438988095238,231.720178571429,3.6025,144.574107142857,1.18498932509909,7.96565211199247,111.715407142857,230.15416,0.503671467,16.9
219,LS__0219_0686369821_865EA2__0072050SCAM15367_001_LUJ01.fits,686369635.96,09:28:53,106.792,Passive Atmospheric Recording,0.0011257351521208,0.0002057668021152,0.05319027734789948,681.882083333334,0.0910146014913604,230.902976190476,233.284285714286,232.360654761905,2.8725,128.084642857143,1.14073815265999,56.8470461937076,95.225942857143,240.104599,2.72344899,15.123
219,LS__0219_0686399112_966EA2__0072050SCAM15367_001_LUJ02.fits,686398927.085,17:24:04,106.945,Passive Atmospheric Recording,0.0116143584415845,0.0027051919065932,0.16256619254048246,673.457976190476,0.0421653364433044,238.358869047619,239.01375,240.170178571429,6.40464285714286,88.5257142857143,0.951042852039665,7.55933103616225,55.6670142857143,240.136887,0.866452634,17.0
219,LS__0219_0686411259_823EA2__0072050SCAM15367_001_LUJ02.fits,686411073.95,20:41:07,107.009,Passive Atmospheric Recording,0.00022588855943,0.0002150590393761,0.029585485646686786,679.761785714286,0.0809399972077458,214.16119047619,216.237738095238,215.739880952381,1.36095238095238,169.633511904762,0.935472110527693,56.0428214715397,136.774811904762,217.3936,0.807310104,14.939
224,LS__0224_0686818404_899EA2__0072050SCAM15367_001_LUJ02.fits,686818218.835,10:45:58,109.152,Passive Atmospheric Recording,0.0002669498976585,0.0002050233548817,0.05889146325014221,671.218511904762,0.117486856856725,245.621369047619,235.490833333333,235.662916666667,3.3126875,236.5741875,1.39773793976927,22.7807469872688,-156.2845125,255.20668,6.65071821,16.493
225,LS__0225_0686913600_695EA2__0072050SCAM15367_001_LUJ02.fits,686913414.835,12:30:16,109.654,Passive Atmospheric Recording,0.015301132594666,0.0067923987922538,0.3230568686065342,663.540892857143,0.0779515461135208,241.333630952381,242.312857142857,247.563452380952,4.78898809523809,165.704047619048,3.2215768891262,35.7233667341709,132.845347619048,264.942139,16.159853,16.386
225,LS__0225_0686928547_750EA2__0072050SCAM15367_001_LUJ04.fits,686928361.91,16:32:44,109.733,Passive Atmospheric Recording,0.014183103168211,0.0041465269702821,0.20453755346039745,664.932738095238,0.0881730903927244,243.186071428571,244.570178571429,250.48255952381,6.67214285714286,121.598928571429,2.09296859421155,23.9295422117084,88.740228571429,252.313522,3.64603853,17.893
226,LS__0226_0687009862_765EA2__0072050SCAM15367_001_LUJ03.fits,687009676.835,14:31:52,110.162,Passive Atmospheric Recording,0.007509311459691,0.0008654804046646,0.14636965069918154,661.047976190476,0.0523296726465276,245.236309523809,247.126726190476,246.409702380952,5.95720238095238,62.5961309523809,1.27603095601669,21.8349381328225,29.7374309523809,266.542877,11.8526402,18.323
226,LS__0226_0687014567_911EA2__0072050SCAM15367_001_LUJ04.fits,687014382.02,15:48:11,110.187,Passive Atmospheric Recording,0.0036339271987993,0.0003443607920214,0.0855639002186161,662.10255952381,0.0351386820273911,244.795714285714,246.734761904762,253.636607142857,4.65565476190476,116.92005952381,1.04720708672743,18.0394835586361,84.06135952381,257.445312,5.28935957,18.071
231,LS__0231_0687446499_943EA2__0072050SCAM15367_001_LUJ03.fits,687446314.115,12:35:09,112.476,Passive Atmospheric Recording,0.0287879880835994,0.0142435777274392,0.3066146000979203,658.183035714286,0.0625578432076419,240.519523809524,240.94125,247.742321428571,7.76104294478528,136.878588957055,2.5608408181055,14.1922902856524,104.019888957055,265.576508,13.1645784,17.059
232,LS__0232_0687516318_792EA2__0072050SCAM15367_001_LUJ02.fits,687516132.93,07:27:47,112.848,Passive Atmospheric Recording,0.0002224121522274,0.0002057118659452,0.046241564874842156,676.244345238095,0.0376819320250384,210.800416666667,213.137202380952,224.201190476191,2.85655844155844,163.949675324675,1.07364468743757,10.8931158580321,131.090975324675,214.978912,0.997001588,11.364
232,LS__0232_0687531602_820EA2__0072050SCAM15367_001_LUJ02.fits,687531417.12,11:35:43,112.929,Passive Atmospheric Recording,0.0078645553441014,0.0011453356551603,0.17257318077202718,660.466666666667,0.0434399119255952,239.194464285714,239.687202380952,243.49625,5.01392857142857,125.772857142857,1.98357870373457,22.4072512360512,92.914157142857,260.423523,11.121129,16.332
232,LS__0232_0687560578_118EA2__0072050SCAM15367_001_LUJ02.fits,687560392.305,19:25:46,113.083,Passive Atmospheric Recording,0.0002178608306667,0.0002462434678331,0.01704238544402664,671.855833333333,0.0265234427247182,218.99994047619,222.225476190476,221.99630952381,,,,,,223.087112,1.62818861,15.368
233,LS__0233_0687608665_901EA2__0072050SCAM15367_001_LUJ03.fits,687608480.07,08:25:52,113.339,Passive Atmospheric Recording,0.0005005992278625,0.0002042089366704,0.04129853892708594,674.103095238095,0.0550008424644513,221.795476190476,221.447261904762,228.654880952381,3.19577380952381,126.222321428571,1.29523238939716,21.1589479938735,93.363621428571,227.854767,2.14696646,15.12
233,LS__0233_0687656798_195EA2__0072050SCAM15367_001_LUJ02.fits,687656612.365,21:26:41,113.595,Passive Atmospheric Recording,0.0002155944112464,0.0002341832905677,0.007976655324788319,663.725059523809,0.0557152407557044,212.321547619048,211.671130952381,211.623273809524,2.47910714285714,264.330773809524,0.268236267194603,8.21124284006213,-128.527926190476,216.176483,1.02534497,14.178
278,LS__0278_0691632506_913EA2__0080064SCAM05278_001_LUJ01.fits,691632321.09,16:22:40,135.388,Passive Atmospheric Recording,0.0050851599051399,0.0004308054578492,0.0671420896438244,631.564166666667,0.0861165945928511,245.57880952381,262.775773809524,246.470892857143,,,,,,256.661591,,15.938
281,LS__0281_0691910560_934EA2__0080410SCAM09281_001_LUJ01.fits,691910378.085,19:33:30,136.964,Passive Atmospheric Recording,0.0002411838601081,0.0002047097064157,0.0168360449805893,631.158928571429,0.0518292419056038,217.897797619048,219.644166666667,221.272321428571,1.40833333333333,302.405238095238,0.497763460967006,77.9212705769497,63.339238095238,213.13472,-0.147456184,14.767
287,LS__0287_0692392470_702EA2__0090000SCAM01287_001_LUJ01.fits,692392287.845,05:51:21,139.715,Passive Atmospheric Recording,0.0002085465359656,0.0002181430636044,0.01898133217410428,639.003452380952,0.0708628437830968,196.302738095238,202.169226190476,199.64869047619,0.842142857142857,200.591547619048,0.207237729372863,5.01719235702793,-29.137452380952,197.876953,0.184071153,12.269
289,LS__0289_0692598025_839EA2__0090000SCAM01289_001_LUJ01.fits,692597843.085,13:26:01,140.896,Passive Atmospheric Recording,0.0082535135959626,0.0029313415473549,0.18762573866517746,626.114642857143,0.07230915709764,249.19880952381,251.554226190476,247.486071428571,4.97511904761905,212.159107142857,1.67142629332145,62.9734816332906,-17.555892857143,282.205902,9.71542072,18.359
304,LS__0304_0693913181_435EA2__0090000SCAM01304_001_LUJ02.fits,693912998.6,09:01:22,148.556,Passive Atmospheric Recording,0.0028600710227078,0.0003855483169134,0.10054467628996164,633.671607142857,0.0692762443591299,226.215714285714,240.182083333333,230.185535714286,2.67476190476191,155.126428571429,0.828730327034825,20.5327291904131,-115.794571428571,253.953888,,14.035
308,LS__0308_0694283974_749EA2__0090000SCAM03308_001_LUJ01.fits,694283788.88,13:16:35,150.75,Passive Atmospheric Recording,0.0047680331003185,0.0003700794282425,0.09183985916053373,626.917083333333,0.0666149375155497,262.058095238095,253.562023809524,256.782083333333,5.55627450980392,69.0654248366013,2.87858675174234,36.3698372532089,108.665424836601,285.358032,13.3824844,18.97
309,LS__0309_0694351641_541EA2__0090000SCAM01309_001_LUJ01.fits,694351458.68,07:34:22,151.152,Passive Atmospheric Recording,0.0002751118823073,0.0001869269844061,0.018371382589279898,639.007261904762,0.0397402099713252,210.358273809524,230.695714285714,223.383333333333,0.687261904761905,182.514523809524,0.318528996190793,51.1013047375473,-47.173476190476,222.910828,3.08226466,9.818
310,LS__0310_0694454487_337EA2__0090000SCAM03310_001_LUJ01.fits,694454301.47,11:22:45,151.765,Passive Atmospheric Recording,0.001334636324645,0.0001871063039543,0.05536597530260289,623.452321428571,0.0697212002594013,247.038095238095,241.604345238095,242.487202380952,3.76517857142857,109.991607142857,2.09272391420726,45.7691248901485,154.250607142857,282.353973,15.5668736,15.131
316,LS__0316_0695010051_945EA2__0090000SCAM04316_001_LUJ01.fits,695009869.08,17:35:31,155.093,Passive Atmospheric Recording,0.0044755658480015,0.0005314605037874,0.10376152487802635,600.593988095238,0.0914889468861591,242.450416666667,243.031607142857,243.33619047619,,,,,,231.494659,,24.301
327,LS__0327_0695970107_820EA2__0090000SCAM05327_001_LUJ01.fits,695969921.965,13:10:00,160.932,Passive Atmospheric Recording,0.0040493301248316,0.0004804995467591,0.11073701859053942,,,,,,,,,,,283.45932,,24.519
331,LS__0331_0696337017_913EA2__0090082SCAM08331_001_LUJ02.fits,696336835.04,16:22:14,163.193,Passive Atmospheric Recording,0.0270356842399202,0.0112161377411231,0.17046486243547881,614.25755952381,0.0549849954907042,250.386369047619,250.006666666667,256.29,,,,,,248.994583,,30.522
335,LS__0335_0696700449_779EA2__0090276SCAM04335_001_LUJ01.fits,696700266.935,18:37:57,165.45,Passive Atmospheric Recording,0.0003847693952026,0.0001964514607803,0.0245355550687074,619.888095238095,0.0581135825791471,227.417321428571,229.051488095238,228.034226190476,,,,,,222.659653,,20.972
338,LS__0338_0696929804_037EA2__0090276SCAM01338_001_LUJ01.fits,696929621.085,08:38:36,166.882,Passive Atmospheric Recording,0.0032875038642013,0.00028358770754,0.11014833236308495,651.760714285714,0.0500726589262179,222.509047619048,223.790238095238,230.570595238095,,,,,,234.102341,,18.698
340,LS__0340_0697099960_366EA2__0090276SCAM01340_001_LUJ01.fits,697099777.525,06:38:55,167.949,Passive Atmospheric Recording,0.0002068799184154,0.000216547542331,0.03342649168901944,643.87630952381,0.124633880707172,202.112559523809,200.355892857143,199.780773809524,,,,,,201.980591,,12.51
340,LS__0340_0697112826_208EA2__0090276SCAM04340_001_LUJ01.fits,697112640.505,10:07:35,168.03,Passive Atmospheric Recording,0.0002766061610801,0.0002240039738869,,,,,,,,,,,,251.411942,,18.919
341,LS__0341_0697203595_537EA2__0091554SCAM01341_001_LUJ01.fits,697203412.665,10:40:06,168.601,Passive Atmospheric Recording,0.0046184324432033,0.0007548291916688,0.16278985950723032,631.949880952381,0.0832929186287619,247.698630952381,241.563214285714,246.45244047619,,,,,,276.307465,,19.828
344,LS__0344_0697483213_796EA2__0092982SCAM02344_001_LUJ02.fits,697483027.935,14:16:04,170.366,Passive Atmospheric Recording,0.0004534331671666,0.0002040860715671,0.03737705060858267,631.609285714286,0.0593636053403735,267.213690476191,260.235357142857,262.127261904762,,,,,,276.708282,,26.611
349,LS_SFX_TBED_0697936908_01______________________ARD2_TESTB_15U0_01.mat,697936181.645,16:47:08,173.251,360 turn,0.0061438499599353,0.0003184351160601,,622.694516129032,0.0393140101980181,258.303225806452,249.753870967742,249.933870967742,,,,,,246.946671,,26.837
349,LS_SFX_TBED_0697936908_01______________________ARD2_TESTB_15U0_010.mat,697936451.645,16:51:31,173.251,360 turn,0.0182905677751911,0.003563524852448,,622.769032258064,0.0415816336627671,257.725483870968,250.314516129032,250.011612903226,,,,,,246.946671,,26.837
349,LS_SFX_TBED_0697936908_01______________________ARD2_TESTB_15U0_011.mat,697936481.645,16:52:00,173.251,360 turn,0.0136904353928067,0.0014103050975409,,622.726451612903,0.0582264766291491,257.58935483871,250.436774193548,249.846451612903,,,,,,246.946671,,26.837
349,LS_SFX_TBED_0697936908_01______________________ARD2_TESTB_15U0_012.mat,697936511.645,16:52:29,173.251,360 turn,0.048478734879316,0.0206829664000545,,622.716451612903,0.0419164555671311,257.543870967742,251.976451612903,251.111612903226,,,,,,246.946671,,26.837
349,LS_SFX_TBED_0697936908_01______________________ARD2_TESTB_15U0_013.mat,697936541.645,16:52:58,173.251,360 turn,0.028963922088799,0.0146688795462664,,622.730967741936,0.0490139326252938,257.397419354839,250.281612903226,249.994193548387,,,,,,246.946671,,26.837
349,LS_SFX_TBED_0697936908_01______________________ARD2_TESTB_15U0_014.mat,697936571.645,16:53:28,173.251,360 turn,0.0154633625802452,0.0050016686181848,,622.683548387097,0.0519325451649783,257.178064516129,249.26935483871,249.031612903226,,,,,,246.946671,,26.837
349,LS_SFX_TBED_0697936908_01______________________ARD2_TESTB_15U0_015.mat,697936601.645,16:53:57,173.251,360 turn,0.0040237263061431,0.0002256678799871,,622.682580645161,0.0351157839093906,257.064516129032,251.28935483871,250.823870967742,,,,,,239.835983,,26.837
349,LS_SFX_TBED_0697936908_01______________________ARD2_TESTB_15U0_02.mat,697936211.645,16:47:37,173.251,360 turn,0.0018938700335721,0.0001865540859912,,622.717096774194,0.041888228130516,258.303548387097,250.645161290323,250.397096774194,,,,,,246.946671,,26.837
349,LS_SFX_TBED_0697936908_01______________________ARD2_TESTB_15U0_03.mat,697936241.645,16:48:06,173.251,360 turn,0.0156068565243656,0.0037579065059271,,622.707096774193,0.0605636606328117,258.357096774194,250.71,250.618709677419,,,,,,246.946671,,26.837
349,LS_SFX_TBED_0697936908_01______________________ARD2_TESTB_15U0_04.mat,697936271.645,16:48:36,173.251,360 turn,0.0213425411051101,0.0198867333557196,,622.628387096774,0.0274586688428764,258.572258064516,253.511290322581,253.031935483871,,,,,,246.946671,,26.837
349,LS_SFX_TBED_0697936908_01______________________ARD2_TESTB_15U0_05.mat,697936301.645,16:49:05,173.251,360 turn,0.0332664445215712,0.0130055823423701,,622.647096774194,0.0361656880101449,259.351935483871,256.614838709677,256.476451612903,,,,,,246.946671,,26.837
349,LS_SFX_TBED_0697936908_01______________________ARD2_TESTB_15U0_06.mat,697936331.645,16:49:34,173.251,360 turn,0.05368292397259,0.0206653583263754,,622.678064516129,0.0332083679051828,258.563548387097,254.351935483871,253.796451612903,,,,,,246.946671,,26.837
349,LS_SFX_TBED_0697936908_01______________________ARD2_TESTB_15U0_07.mat,697936361.645,16:50:03,173.251,360 turn,0.0206966864089823,0.0065173440422826,,622.685161290323,0.0456706300768169,258.09,250.343225806452,250.031935483871,,,,,,246.946671,,26.837
349,LS_SFX_TBED_0697936908_01______________________ARD2_TESTB_15U0_08.mat,697936391.645,16:50:32,173.251,360 turn,0.0094673086892071,0.0010319116168756,,622.71935483871,0.0433540066484385,257.915806451613,250.256129032258,249.915806451613,,,,,,246.946671,,26.837
349,LS_SFX_TBED_0697936908_01______________________ARD2_TESTB_15U0_09.mat,697936421.645,16:51:02,173.251,360 turn,0.0208367643853747,0.0043293120988448,,622.757419354838,0.033163005687598,257.92935483871,252.915161290323,251.980967741936,,,,,,246.946671,,26.837
349,LS_SFX_TBED_0697937652_01______________________ARD2_TESTB_29U0_01.mat,697936976.605,17:00:02,173.256,360 turn,0.0599203186029913,0.0320952921519474,,622.806129032258,0.0488997218366258,255.893548387097,250.77935483871,250.125161290323,,,,,,239.835983,,26.837
349,LS_SFX_TBED_0697937652_01______________________ARD2_TESTB_29U0_010.mat,697937246.605,17:04:24,173.256,360 turn,0.0512430134163964,0.0270102356733453,,622.866129032258,0.035466173494817,255.647741935484,253.713225806452,253.13,,,,,,239.835983,,26.837
349,LS_SFX_TBED_0697937652_01______________________ARD2_TESTB_29U0_011.mat,697937276.605,17:04:54,173.256,360 turn,0.0586197096292685,0.0391394738411703,,622.871290322581,0.0446274904428329,255.299677419355,252.767741935484,252.12935483871,,,,,,239.835983,,26.837
349,LS_SFX_TBED_0697937652_01______________________ARD2_TESTB_29U0_012.mat,697937306.605,17:05:23,173.256,360 turn,0.0340641442932302,0.0188596094952517,,622.905161290323,0.0431949817873956,255.281290322581,254.112258064516,253.906774193548,,,,,,239.835983,,26.837
349,LS_SFX_TBED_0697937652_01______________________ARD2_TESTB_29U0_013.mat,697937336.605,17:05:52,173.256,360 turn,0.0249365526328819,0.0041261449297208,,622.832258064516,0.0460224349217747,255.439032258065,254.483225806452,254.52,,,,,,239.835983,,26.837
349,LS_SFX_TBED_0697937652_01______________________ARD2_TESTB_29U0_014.mat,697937366.605,17:06:21,173.256,360 turn,0.0364465849501212,0.0054149574416058,,622.882580645161,0.0411475185104725,255.278709677419,254.097419354839,253.484838709677,,,,,,239.835983,,26.837
349,LS_SFX_TBED_0697937652_01______________________ARD2_TESTB_29U0_02.mat,697937006.605,17:00:31,173.256,360 turn,0.0383065457888066,0.0083483069605702,,622.744516129032,0.0454487777376842,255.506774193548,248.862580645161,248.39,,,,,,239.835983,,26.837
349,LS_SFX_TBED_0697937652_01______________________ARD2_TESTB_29U0_03.mat,697937036.605,17:01:00,173.256,360 turn,0.0170805494093024,0.0028904481347642,,622.764838709677,0.0432720824351899,255.880967741936,252.417096774194,251.653225806452,,,,,,239.835983,,26.837
349,LS_SFX_TBED_0697937652_01______________________ARD2_TESTB_29U0_04.mat,697937066.605,17:01:29,173.256,360 turn,0.0119931440451638,0.0010655311796986,,622.805483870968,0.0450805730278182,255.699677419355,252.243870967742,251.325483870968,,,,,,239.835983,,26.837
349,LS_SFX_TBED_0697937652_01______________________ARD2_TESTB_29U0_05.mat,697937096.605,17:01:58,173.256,360 turn,0.0086804087720268,0.0006582001848531,,622.84064516129,0.042342687985135,255.721290322581,252.525483870968,251.647419354839,,,,,,239.835983,,26.837
349,LS_SFX_TBED_0697937652_01______________________ARD2_TESTB_29U0_06.mat,697937126.605,17:02:28,173.256,360 turn,0.0141791541982296,0.0020981094545272,,622.866774193548,0.0453421876236002,255.694193548387,253.11935483871,252.574193548387,,,,,,239.835983,,26.837
349,LS_SFX_TBED_0697937652_01______________________ARD2_TESTB_29U0_07.mat,697937156.605,17:02:57,173.256,360 turn,0.0122289511391106,0.0016353053918244,,622.871935483871,0.0388518000302576,255.707741935484,252.870967741936,252.456129032258,,,,,,239.835983,,26.837
349,LS_SFX_TBED_0697937652_01______________________ARD2_TESTB_29U0_08.mat,697937186.605,17:03:26,173.256,360 turn,0.0120192711736481,0.002041760991644,,622.88935483871,0.0414676969757521,256.125806451613,254.697741935484,254.552903225806,,,,,,239.835983,,26.837
349,LS_SFX_TBED_0697937652_01______________________ARD2_TESTB_29U0_09.mat,697937216.605,17:03:55,173.256,360 turn,0.0294975975805833,0.0086932817969726,,622.876774193548,0.0402812691602513,255.572258064516,253.601290322581,253.352580645161,,,,,,239.835983,,26.837
356,LS__0356_0698532607_680EA2__0099314SCAM02356_001_LUJ01.fits,698532421.89,09:59:15,177.079,Passive Atmospheric Recording,0.0002266412195051,0.0001850299344012,0.06094030930241197,648.003214285714,0.134957617780892,234.251428571429,248.711666666667,237.529047619048,,,,,,269.822449,,18.558
357,LS__0357_0698658290_963EA2__0099314SCAM09357_001_LUJ01.fits,698658108.08,19:58:05,177.892,Passive Atmospheric Recording,0.002476775602848,0.0002349779010721,0.07806216196470771,658.151607142857,0.0981952738422881,218.796071428571,219.388452380952,219.28,,,,,,208.707504,,19.028
361,LS__0361_0698997652_430EA2__0110000SCAM04361_001_LUJ01.fits,698997469.495,15:43:04,180.098,Passive Atmospheric Recording,0.0133432942246913,0.0009646222382263,0.1471809313000975,633.985833333333,0.0507124884720271,262.865833333333,257.099345238095,256.915535714286,,,,,,264.619507,,30.521
362,LS__0362_0699056698_476EA2__0110000SCAM01362_001_LUJ01.fits,699056514.825,07:40:52,180.484,Passive Atmospheric Recording,0.0008381117174395,0.0002009396388352,0.049097212884548075,673.746071428571,0.115473696174175,210.74369047619,212.158869047619,213.159821428571,,,,,,209.924072,,13.799
367,LS__0367_0699537870_398EA2__0110108SCAM01367_001_LUJ01.fits,699537687.515,17:46:09,183.641,Passive Atmospheric Recording,0.0002130680910954,0.0001907528920846,0.0037624089138614185,637.706964285714,0.0377790444807999,238.093988095238,239.822916666667,237.504166666667,,,,,,235.605209,,24.758
371,LS__0371_0699848389_906EA2__0110108SCAM01371_001_LUJ01.fits,699848206.375,05:43:08,185.694,Passive Atmospheric Recording,0.0002093561490897,0.0002166104360251,0.024808661546340146,670.035416666667,0.032846114921998,195.763392857143,197.974464285714,197.545416666667,,,,,,201.162476,,12.612
373,LS__0373_0700051536_557EA2__0110108SCAM01373_001_LUJ03.fits,700051353.665,12:38:24,187.043,Passive Atmospheric Recording,0.0007353277231003,0.0001777736352355,0.028993740418632823,661.550654761905,0.0636714986290413,259.417440476191,257.053154761905,258.035416666667,,,,,,274.656982,,25.012
377,LS__0377_0700426832_211EA2__0110108SCAM01377_001_LUJ01.fits,700426648.555,18:06:00,189.55,Passive Atmospheric Recording,0.0002265918687146,0.0001826552568397,0.010982384731035591,647.106785714286,0.104779902930709,234.036369047619,234.862678571429,234.736904761905,,,,,,229.921906,,24.991
380,LS__0380_0700647242_524EA2__0111110SCAM01380_001_LUJ01.fits,700647059.395,05:41:13,191.031,Passive Atmospheric Recording,0.0002266764933624,0.0002140612380359,0.008044023029622822,677.908273809524,0.0946850880380783,197.114285714286,197.74994047619,197.463035714286,,,,,,202.859085,,12.976
384,LS__0384_0701045046_608EA2__0132448SCAM01384_015_LUJ01.fits,701044311.705,17:04:50,193.718,360 turn,0.0126437657929783,0.0027299420129606,,655.860302114803,0.0491555905917438,241.817069486405,242.668187311178,249.706374622357,,,,,,238.777206,,25.412
384,LS__0384_0701045800_411EA2__0132448SCAM01384_029_LUJ02.fits,701045107.705,17:17:45,193.723,360 turn,0.004471689862289,0.0005765960626688,,655.937160120846,0.0492344580490086,239.389365558912,239.982175226586,245.75664652568,,,,,,238.777206,,25.007
410,LS__0410_0703352301_351EA2__0220000SCAM03410_001_LUJ01.fits,703352115.465,16:56:09,209.662,Passive Atmospheric Recording,0.0060068208864516,0.0004853074872052,0.12466245564489863,692.848988095238,0.0337947287274698,248.422202380952,248.480535714286,248.672678571429,,,,,,236.703033,,27.738
416,LS__0416_0703839420_616EA2__0230824SCAM01416_001_LUJ01.fits,703839237.685,04:36:25,213.101,Passive Atmospheric Recording,0.0002043486025466,0.0002271043916454,,,,,,,,,,,,192.949997,,15.07
417,LS__0417_0703961238_873EA2__0231180SCAM07417_001_LUJ01.fits,703961053.1,13:32:01,213.965,Passive Atmospheric Recording,0.020118652383201,0.0064192830235858,0.2403087587582849,709.665416666667,0.0679190621401416,257.178273809524,264.134821428571,257.984107142857,,,,,,274.472198,,29.679
418,LS__0418_0704061832_200EA2__0232096SCAM05418_001_LUJ01.fits,704061649.285,16:43:29,214.679,Passive Atmospheric Recording,0.0029399861749347,0.0002399605565406,0.05643932897959263,701.662797619048,0.0402377008432123,241.861904761905,241.411964285714,248.110178571429,,,,,,241.164001,,29.804
421,LS__0421_0704315712_351EA2__0232872SCAM08421_001_LUJ01.fits,704315526.475,13:20:47,216.485,Passive Atmospheric Recording,0.01154810035781,0.0022584952639478,0.22148440871221298,727.888988095238,0.131338753309522,254.75875,252.631785714286,257.469285714286,,,,,,274.661774,,24.623
423,LS__0423_0704491749_368EA2__0240000SCAM09423_001_LUJ02.fits,704491563.54,12:55:39,217.741,Passive Atmospheric Recording,0.007696004142888,0.0007859505900158,0.15799065773377519,740.780595238095,0.0796075883374254,240.432202380952,241.559642857143,255.088869047619,,,,,,273.564972,,26.421
429,LS__0429_0705016696_481EA2__0241970SCAM01429_001_LUJ01.fits,705016513.585,10:48:51,221.501,Passive Atmospheric Recording,0.0016438705174793,0.0002013292195062,,,,,,,,,,,,250.805786,,22.599
435,LS__0435_0705563187_357EA2__0243290SCAM04435_001_LUJ01.fits,705563003.665,14:31:04,225.438,Passive Atmospheric Recording,0.0012320254976677,0.000254472916228,0.058850962106848294,733.581369047619,0.0768381578987102,258.176845238095,251.168928571429,257.230297619048,,,,,,265.716614,,31.337
436,LS__0436_0705683403_482EA2__0243900SCAM04436_001_LUJ01.fits,705683220.6,23:00:32,226.307,Passive Atmospheric Recording,0.000421711117563,0.0001918353793856,0.02584438854673379,775.899880952381,0.0689092790327448,205.655476190476,205.845952380952,206.153095238095,,,,,,196.949646,,19.622
440,LS__0440_0706039580_994EA2__0244358SCAM01440_001_LUJ01.fits,706039398.085,23:16:19,228.887,Passive Atmospheric Recording,0.0007283444216283,0.0002015942868995,,,0.0,0.0,0.0,0.0,,,,,,271.661224,,27.919
442,LS__0442_0706181439_401EA2__0250000SCAM06442_001_LUJ01.fits,706181253.565,13:36:37,229.916,Passive Atmospheric Recording,0.0003832491280783,0.0002033289823258,0.05881645886196306,751.840178571429,0.131883968301502,262.176607142857,250.03494047619,252.626607142857,,,,,,276.953766,,28.378
443,LS__0443_0706244346_607EA2__0250000SCAM01443_001_LUJ01.fits,706244163.78,06:36:45,230.373,Passive Atmospheric Recording,0.0002048374414527,0.0002159378883412,,,,,,,,,,,,190.989838,,15.996
444,LS__0444_0706387430_073EA2__0250214SCAM11444_001_LUJ01.fits,706387247.21,21:16:56,231.413,Passive Atmospheric Recording,0.0012417281661905,0.0001882811881242,,,0.0,0.0,0.0,0.0,,,,,,259.278595,,26.719
452,LS__0452_0707020559_790EA2__0260000SCAM01452_001_LUJ01.fits,707020377.0,00:23:16,236.029,Passive Atmospheric Recording,0.0002043863897428,0.0001950534730406,0.01054386843535612,795.782559523809,0.0842294913563163,202.939404761905,203.560595238095,202.965,,,,,,197.534073,,17.08
454,LS__0454_0707198092_745EA2__0260000SCAM01454_001_LUJ01.fits,707197909.975,00:21:56,237.326,Passive Atmospheric Recording,0.0070193346119415,0.0007369787916979,0.1764093438313863,799.221845238095,0.0864166198873612,201.181071428571,201.606904761905,202.057261904762,,,,,,196.855667,,16.364
455,LS__0455_0707361350_428EA2__0260096SCAM04455_001_LUJ02.fits,707361167.54,20:29:07,238.52,Passive Atmospheric Recording,0.0009239732315611,0.0002279003314219,,,,,,,,,,,,208.229431,,21.751
456,LS__0456_0707448481_280EA2__0260218SCAM07456_001_LUJ01.fits,707448298.49,20:01:54,239.158,Passive Atmospheric Recording,0.0003644787002176,0.0001939866587807,,,,,,,,,,,,215.274902,,23.071
477,LS__0477_0709287654_748EA2__0260850SCAM07477_001_LUJ01.fits,709287468.86,13:01:56,252.657,Passive Atmospheric Recording,0.0004159656814255,0.0001989839750147,0.04301557275545607,786.99619047619,0.0906186952714796,234.059464285714,236.909523809524,261.961964285714,,,,,,269.971344,,24.915
478,LS__0478_0709358273_230EA2__0261004SCAM01478_001_LUJ01.fits,709358090.35,08:06:57,253.176,Passive Atmospheric Recording,0.0002110793093315,0.0001931611305107,0.014918645245190376,804.372380952381,0.0658453831738874,213.608095238095,205.223273809524,205.097142857143,,,,,,209.850967,,16.147
479,LS__0479_0709463099_224EA2__0261004SCAM08479_001_LUJ01.fits,709462913.45,12:26:28,253.946,Passive Atmospheric Recording,0.0018873494977888,0.0002412992935621,0.11294951101276426,791.705654761905,0.175671985712053,232.075773809524,236.599523809524,252.842142857143,,,,,,272.6091,,21.525
483,LS__0483_0709802111_810EA2__0261004SCAM01483_001_LUJ01.fits,709801928.915,08:02:58,256.436,Passive Atmospheric Recording,0.0002096327646553,0.0001965757312099,0.02355836279060041,812.641428571429,0.0751229388752486,212.761369047619,203.97005952381,203.611785714286,,,,,,208.284058,,14.356
