LT(hr),Amp(Pa)
11.592,0.437
13.909,0.599
14.041,0.386
16.37,1.141
12.786,0.367
13.184,0.505
13.183,0.502
13.424,0.525
14.636,0.538
15.382,0.694
11.371,0.665
12.278,0.645
12.535,0.507
16.07,0.409
16.299,0.718
17.858,0.379
11.003,0.551
11.669,0.591
12.679,0.578
12.83,0.506
12.869,0.315
13.05,0.548
15.42,0.722
16.663,0.518
16.781,0.434
17.161,0.686
17.333,0.501
12.24,0.647
12.34,0.311
14.092,0.53
15.916,0.532
16.065,0.371
11.006,0.52
11.21,0.412
12.877,0.336
13.14,3.166
13.58,0.427
13.877,0.561
14.161,0.323
15.089,0.549
15.089,0.433
16.955,0.302
10.498,0.365
12.137,0.595
12.316,0.319
12.369,1.453
14.279,0.958
14.361,0.689
11.325,0.35
11.432,0.382
13.093,1.033
13.284,0.696
14.834,0.304
16.634,0.359
18.201,0.365
18.313,0.959
19.817,0.337
2.856,0.343
11.022,0.535
13.541,0.304
15.229,0.561
11.855,0.423
13.147,0.369
13.182,0.41
13.852,1.592
12.179,1.101
13.039,0.567
15.325,0.938
16.632,0.445
11.89,0.624
12.169,0.722
12.24,0.561
12.331,1.077
12.411,0.415
12.503,1.999
12.674,0.382
13.204,0.634
13.575,0.525
13.768,0.316
13.802,2.17
15.1,0.362
15.573,0.356
11.92,1.206
13.446,0.357
14.263,0.338
15.901,0.375
10.286,1.186
12.731,1.493
12.188,1.324
14.229,1.146
14.468,0.597
12.074,0.716
12.509,0.411
12.892,0.304
13.183,0.558
15.297,0.61
11.048,1.44
12.164,1.589
12.439,0.389
12.517,0.334
14.052,0.479
14.726,0.784
10.677,0.348
11.651,0.629
12.229,0.397
13.304,0.733
14.142,0.582
14.142,0.415
14.297,0.328
15.822,0.522
10.872,0.36
11.041,0.771
11.041,0.394
11.202,0.365
12.431,0.518
12.61,0.323
12.822,0.783
13.821,0.59
14.799,0.506
15.718,0.689
18.6,0.569
10.863,0.452
11.555,0.399
11.953,0.628
12.445,0.314
12.966,1.105
12.982,0.535
13.608,0.663
14.876,0.502
16.75,0.399
19.193,0.367
19.574,0.381
12.161,0.571
13.18,0.655
13.207,0.674
13.522,0.314
13.714,0.362
14.8,0.517
14.8,0.388
11.081,0.53
11.212,0.55
12.254,0.334
12.821,0.687
13.744,0.354
14.171,0.518
14.171,0.482
15.717,1.275
15.883,0.939
18.981,0.323
19.109,0.585
19.346,0.447
19.347,0.447
19.406,0.438
19.407,0.457
12.37,0.357
12.806,0.359
12.887,0.341
13.739,0.409
13.792,0.369
15.155,0.349
15.328,0.588
15.529,0.578
15.623,0.421
18.083,0.543
18.487,0.545
11.721,0.541
11.721,0.434
12.51,0.907
13.312,0.45
15.553,0.525
17.012,0.657
11.325,0.776
11.415,0.611
11.548,0.585
11.837,1.194
12.18,0.53
12.229,0.509
12.835,0.345
12.931,0.572
12.931,0.357
13.194,0.441
13.313,0.422
13.513,0.79
15.185,0.391
15.396,1.337
16.524,1.032
11.909,0.502
11.909,0.315
12.186,0.355
12.252,0.808
12.411,0.536
13.701,0.368
14.408,0.349
12.339,0.336
12.618,0.355
12.889,0.544
13.136,0.34
13.365,0.434
13.61,0.33
14.126,0.351
15.869,0.46
21.983,0.566
11.099,0.454
11.941,0.637
12.929,0.507
15.064,0.359
11.491,0.917
12.461,0.352
15.608,0.415
12.238,1.69
12.373,0.933
12.468,0.406
12.641,0.675
12.671,0.36
12.825,0.348
12.881,0.577
13.09,0.575
14.526,0.548
14.526,0.458
15.377,0.45
10.323,0.505
11.538,0.437
12.087,0.867
12.324,0.526
12.324,0.454
12.463,0.53
12.596,1.607
13.258,0.42
13.473,0.749
14.637,0.541
14.637,0.499
14.909,1.304
10.975,2.728
12.648,3.522
12.698,1.444
13.089,0.327
12.991,0.506
15.572,0.435
16.314,0.532
12.921,0.599
13.124,1.866
13.156,0.392
13.306,0.813
13.42,0.331
14.132,0.894
15.618,0.637
15.743,0.36
21.248,0.809
12.328,0.403
13.015,0.806
15.563,0.456
16.029,0.365
20.646,0.514
11.259,0.544
11.729,0.679
12.193,0.502
12.662,1.57
13.242,1.764
14.101,0.426
14.898,0.399
14.983,0.461
21.018,0.518
12.454,0.66
12.519,0.704
12.757,0.82
10.982,0.31
11.034,0.534
11.915,0.726
12.207,0.367
13.728,0.736
13.728,0.5
15.863,0.604
16.509,0.538
19.694,0.506
20.959,0.359
12.052,0.367
12.336,1.11
12.613,0.557
12.883,1.274
12.928,0.53
13.361,0.754
16.036,0.355
11.186,1.078
11.619,0.345
11.792,0.598
12.365,0.597
12.492,3.122
12.938,1.634
12.956,1.457
13.667,0.441
14.063,0.314
14.319,0.595
14.602,0.35
15.287,0.424
11.954,0.535
12.948,0.447
13.689,0.661
16.225,0.307
21.905,0.506
11.265,0.623
12.196,0.514
12.532,0.824
12.806,0.474
14.475,0.501
11.381,0.518
12.051,0.615
12.962,0.503
12.962,0.495
14.143,0.938
14.41,0.76
14.509,0.474
11.013,0.42
12.113,0.389
13.126,0.422
13.347,0.443
13.964,0.98
15.142,0.943
15.828,0.614
10.028,0.32
10.42,1.103
12.616,0.338
13.654,0.948
14.142,0.367
14.647,0.355
11.633,0.601
11.922,0.725
12.965,0.749
14.52,0.97
12.286,0.333
12.471,0.502
12.471,0.425
12.813,0.545
12.984,0.515
14.083,0.509
14.546,1.457
15.558,0.556
15.558,0.482
12.671,0.413
13.323,0.856
14.582,0.513
13.087,0.308
13.297,0.53
13.297,0.421
11.148,0.395
12.384,0.519
12.384,0.455
13.022,0.498
14.594,0.564
10.419,0.743
10.78,0.657
11.603,0.339
11.89,0.406
12.041,0.589
14.284,0.47
18.096,0.505
11.041,0.319
11.61,0.423
13.329,0.551
13.689,0.651
12.002,2.053
12.597,0.549
10.915,0.63
13.464,0.335
13.792,0.594
21.546,0.506
11.961,0.366
12.515,0.35
14.299,0.427
14.749,1.57
16.075,0.705
9.899,0.31
11.533,0.51
11.533,0.429
11.763,0.641
12.936,1.328
14.897,0.523
21.691,0.533
10.622,0.705
12.077,5.64
14.723,0.379
16.176,0.324
11.328,0.514
11.327,0.513
11.576,0.367
11.909,0.848
11.929,0.746
14.85,0.625
8.879,0.311
10.776,3.32
12.56,0.636
11.394,0.33
11.737,1.689
11.882,0.578
13.684,0.334
13.725,0.363
13.929,0.577
15.394,0.548
15.582,2.156
10.671,0.546
10.671,0.437
12.034,0.951
12.41,0.32
12.567,0.632
12.567,0.508
14.395,0.4
22.519,0.728
3.089,0.347
13.045,0.773
13.202,0.336
13.312,0.322
13.863,0.514
13.863,0.498
1.951,0.335
2.272,0.354
10.193,0.413
12.07,0.929
3.302,0.329
11.355,1.647
13.152,0.372
13.912,0.529
14.964,2.845
10.944,0.361
14.073,0.346
14.707,0.761
9.536,0.444
12.201,0.392
14.998,0.954
14.166,0.609
15.3,0.849
15.817,0.501
15.817,0.413
17.054,1.186
2.831,0.411
12.068,0.394
16.638,1.206
18.972,0.31
13.114,0.357
13.159,0.674
13.32,0.564
13.384,0.434
17.619,0.582
12.352,0.711
11.771,0.41
13.013,0.383
13.975,0.618
15.275,2.642
12.488,0.683
14.596,0.54
14.596,0.493
11.498,0.801
11.604,0.77
11.775,0.368
13.543,0.48
17.338,0.514
19.07,1.024
12.352,0.352
13.015,0.52
16.01,0.549
16.414,0.518
9.052,0.316
11.165,0.529
11.382,0.746
11.382,0.479
11.686,0.311
11.778,0.524
13.238,0.454
13.699,0.309
15.516,0.345
10.517,0.97
12.243,0.572
12.243,0.388
12.293,0.384
14.151,0.832
14.151,0.455
14.246,0.349
22.835,0.506
11.986,0.803
12.744,1.627
12.996,0.531
13.33,0.847
12.029,0.38
12.06,0.839
13.015,2.382
14.378,0.742
14.609,0.825
14.985,0.704
12.67,1.644
15.149,0.362
15.354,0.567
10.413,0.451
12.195,0.557
12.322,0.515
12.845,0.698
13.035,0.826
14.839,0.303
11.59,0.374
11.641,0.524
13.697,0.621
15.689,0.308
10.316,0.301
12.617,0.398
14.542,3.202
15.042,0.54
11.66,0.884
13.634,0.961
13.899,0.358
12.448,1.547
12.787,1.195
14.581,0.617
22.867,0.648
9.271,0.421
9.721,0.371
9.738,0.379
11.336,0.547
11.549,0.557
11.549,0.495
13.295,0.403
13.927,0.425
13.957,0.788
13.973,1.303
15.1,0.331
11.05,0.472
11.817,0.332
12.343,0.374
12.627,0.51
12.627,0.475
12.976,0.58
13.048,0.306
9.844,0.325
11.375,0.354
11.806,0.373
12.084,0.524
12.242,0.338
13.664,0.359
13.884,0.56
15.531,0.713
15.968,0.699
10.235,1.085
11.008,0.539
11.008,0.497
12.291,0.388
12.508,0.579
13.06,0.348
16.191,0.479
11.07,0.457
11.111,0.411
12.162,0.316
12.24,0.395
12.557,0.37
12.726,0.947
12.955,0.364
13.466,0.314
13.719,0.93
13.897,0.311
15.547,0.321
17.134,0.716
17.411,0.366
17.424,0.816
10.186,0.39
10.456,0.34
10.861,0.524
10.861,0.409
10.951,0.338
12.333,0.548
12.365,0.538
12.576,0.727
12.858,0.4
14.194,0.311
14.415,0.365
11.163,0.812
11.272,0.619
11.712,3.899
11.824,0.516
11.824,0.451
11.902,0.362
12.047,0.308
13.632,1.195
13.824,0.399
15.842,0.42
17.162,0.336
17.676,0.521
17.676,0.323
12.084,0.307
12.267,0.556
12.493,0.792
12.526,0.549
12.738,0.576
12.934,0.532
12.934,0.445
13.012,0.532
13.012,0.463
11.316,0.57
11.866,0.351
11.99,0.523
11.99,0.471
15.68,0.559
15.694,0.406
19.2,0.304
19.284,0.34
10.622,0.59
12.674,0.35
12.8,0.413
12.853,0.405
15.036,0.342
16.281,0.377
9.489,0.508
11.571,0.45
11.624,0.434
11.857,0.394
11.886,1.448
13.302,0.654
13.996,0.365
15.402,0.311
10.386,0.345
12.488,0.384
12.657,0.546
12.657,0.473
12.804,0.73
13.027,0.321
14.475,0.623
14.579,0.345
16.273,0.734
5.873,0.562
9.273,0.366
11.1,0.3
11.43,0.6
13.109,1.481
13.264,0.373
17.507,0.325
21.892,0.563
0.67,0.359
2.301,0.505
10.932,0.923
12.179,0.602
12.763,0.335
14.523,0.602
14.575,0.402
15.008,0.551
5.309,0.527
5.313,0.463
11.434,0.563
12.037,2.398
13.724,1.427
9.091,0.363
12.112,0.324
12.361,3.606
12.771,0.573
12.966,0.333
14.698,0.5
14.698,0.467
1.682,0.336
11.906,0.515
11.906,0.447
11.962,0.372
13.767,1.29
13.926,0.523
13.926,0.375
15.107,0.39
17.503,0.527
12.374,0.491
12.42,0.517
12.737,0.661
12.986,1.908
16.618,0.919
16.754,0.319
11.289,0.622
11.289,0.356
11.578,0.754
11.639,0.35
11.942,0.74
13.4,0.503
13.4,0.501
13.487,0.726
13.851,0.317
15.267,0.306
15.886,0.379
17.329,0.81
17.453,0.95
19.2,0.309
2.533,0.558
10.487,0.479
12.397,0.514
12.478,0.359
12.606,0.582
12.869,0.324
15.038,0.501
16.194,0.34
16.659,1.275
11.852,0.427
11.993,0.505
12.713,0.396
12.793,0.775
12.969,0.662
13.042,0.39
13.489,1.497
13.554,0.725
13.641,0.572
13.686,0.316
13.74,0.405
13.875,0.304
10.841,0.395
12.408,0.422
12.761,0.682
12.838,0.415
14.21,0.546
14.403,0.378
14.677,0.411
14.787,0.503
14.787,0.498
15.026,0.343
16.358,0.337
16.604,0.342
18.889,0.524
11.176,0.442
11.246,0.352
11.319,0.319
11.626,0.53
11.961,0.367
12.093,0.62
13.305,0.349
13.414,0.336
13.624,0.609
13.722,0.638
15.479,0.734
15.727,0.655
10.95,0.52
10.95,0.443
12.75,0.347
12.98,0.332
11.207,0.31
13.451,0.509
13.451,0.464
16.161,0.313
2.387,0.32
10.783,0.478
12.142,0.914
12.304,0.843
12.359,0.508
12.412,0.344
12.877,0.394
14.738,0.313
16.203,0.31
9.849,0.307
11.364,0.358
11.603,0.362
11.654,0.392
12.015,0.351
12.081,1.002
13.291,0.303
15.311,0.482
15.383,0.316
8.912,0.355
10.309,0.5
10.309,0.457
10.874,0.568
10.989,0.472
11.154,0.328
12.146,0.62
12.217,0.357
12.647,1.005
13.011,0.843
13.067,0.362
14.191,0.339
14.306,0.615
14.911,0.759
14.911,0.449
16.522,0.448
11.179,0.5
11.179,0.496
11.272,0.75
11.392,0.73
11.527,2.588
13.485,0.355
15.456,0.322
8.524,0.447
11.118,0.515
11.118,0.423
11.148,0.775
12.162,0.476
12.318,0.339
12.409,1.409
12.616,0.935
12.616,0.48
12.719,2.496
12.964,0.386
13.059,0.696
13.103,0.761
14.75,0.349
14.837,2.6
12.009,0.413
13.557,1.375
15.661,0.39
10.684,0.522
10.684,0.437
10.884,0.436
11.102,0.441
12.191,0.633
12.376,0.514
12.491,0.676
12.538,0.942
12.563,0.52
12.602,0.518
12.682,0.664
12.713,0.546
12.87,0.616
12.87,0.379
12.95,0.406
13.04,0.721
13.193,0.413
14.312,0.41
14.353,0.368
14.471,1.349
14.639,0.335
14.849,0.713
14.921,0.391
16.791,1.066
9.85,0.317
11.413,0.419
11.504,0.646
11.568,0.344
11.762,0.612
11.821,0.42
13.321,0.332
13.375,0.963
13.591,0.309
14.129,0.562
15.687,0.437
19.65,0.347
12.175,0.705
12.289,0.38
12.588,0.765
13.034,0.562
13.179,0.374
14.386,2.149
14.714,0.453
14.758,0.317
15.101,0.348
16.679,0.585
16.881,0.315
11.212,0.428
11.571,0.56
11.872,0.468
12.158,0.387
13.637,0.894
13.831,0.573
14.186,0.369
15.423,0.922
19.264,0.369
10.59,0.774
11.177,0.583
12.33,0.389
12.442,0.456
12.567,0.345
12.645,0.547
12.645,0.423
14.557,0.469
14.708,0.409
14.91,0.536
15.148,0.544
15.148,0.395
16.186,0.626
16.214,0.358
16.321,0.321
10.004,0.364
11.531,0.507
11.696,0.646
11.826,0.309
12.0,0.38
12.036,0.82
12.036,0.386
12.123,0.406
15.253,0.581
15.494,0.795
15.636,0.423
15.893,0.917
15.893,0.42
16.028,0.904
16.153,1.006
19.284,0.366
10.594,1.132
11.11,0.323
12.393,0.916
12.769,0.815
12.769,0.457
12.802,0.513
13.129,0.342
14.626,0.43
14.724,0.627
14.797,0.343
14.944,0.69
11.538,0.304
11.773,0.328
11.903,0.48
12.009,0.313
12.074,0.523
13.392,0.318
13.936,0.335
14.02,0.38
14.205,0.322
15.603,0.525
3.053,0.396
10.196,0.31
10.504,0.377
10.713,0.35
10.806,0.612
10.863,0.328
12.507,0.785
12.722,0.601
13.2,0.378
14.248,0.349
14.48,0.631
14.48,0.353
14.695,0.357
9.728,0.334
11.249,0.755
11.611,0.705
11.7,0.433
11.736,0.435
11.846,0.326
12.11,0.417
13.388,1.159
13.834,0.592
14.159,0.747
15.49,0.765
19.598,0.359
10.825,0.393
11.116,0.371
11.161,0.308
12.284,0.51
12.284,0.478
12.566,0.59
12.566,0.329
12.711,0.331
12.875,0.302
9.22,0.384
9.528,0.423
10.102,0.741
11.279,0.38
11.342,0.509
11.722,0.516
12.043,0.679
12.114,0.622
12.144,1.38
13.193,1.695
13.681,0.558
13.867,0.486
15.418,0.305
15.608,0.319
16.121,0.792
12.896,0.313
14.501,0.57
14.59,0.346
14.764,0.417
15.066,0.397
15.13,0.301
10.2,0.334
13.36,0.52
13.487,0.655
13.584,0.67
13.807,0.303
13.982,0.325
15.538,0.65
15.546,0.467
15.682,0.319
15.851,0.33
17.581,0.582
17.581,0.416
17.754,0.357
12.913,0.575
12.979,0.502
12.979,0.474
11.795,0.534
12.211,0.363
13.734,0.333
15.461,0.321
15.529,0.655
15.659,0.334
15.844,0.599
17.253,0.814
10.886,0.571
10.99,1.186
12.389,0.518
12.389,0.408
12.608,0.521
12.822,0.37
12.911,0.39
13.118,0.57
13.223,0.36
14.43,0.305
17.046,0.332
11.717,0.322
11.933,0.513
11.933,0.373
12.137,0.735
12.137,0.46
13.259,0.837
13.738,0.612
13.961,3.954
15.796,0.522
10.691,1.322
10.812,0.391
10.962,0.59
11.007,0.369
12.316,0.381
12.38,0.378
12.824,0.76
12.824,0.399
12.922,0.372
13.243,0.408
10.019,0.356
11.903,0.361
12.165,0.313
12.219,0.468
13.481,0.598
13.611,0.308
13.69,0.434
13.821,0.543
14.028,0.654
12.233,0.391
12.314,0.57
12.365,0.361
13.092,4.963
14.266,0.387
11.303,0.541
12.19,0.326
13.4,0.659
13.438,0.919
13.438,0.449
15.999,0.436
10.844,0.527
12.245,0.349
12.595,1.226
14.462,0.327
14.759,0.714
14.759,0.413
14.856,6.524
14.869,2.419
16.464,0.384
11.32,0.317
11.398,0.598
11.435,0.352
11.794,0.477
11.975,0.781
13.411,0.505
13.411,0.496
13.512,0.509
13.512,0.463
13.739,0.373
13.768,0.648
15.581,0.366
15.751,0.545
16.676,0.314
12.401,0.628
12.578,2.226
12.662,0.315
12.823,0.643
13.11,0.45
15.176,0.327
16.651,0.421
11.524,0.453
11.584,0.651
11.82,0.421
11.989,0.539
11.989,0.427
13.418,0.42
13.522,0.342
13.59,0.995
13.641,0.561
14.279,0.306
15.515,0.506
15.515,0.44
15.692,0.355
10.339,0.531
12.905,0.714
14.746,0.638
14.746,0.389
14.776,0.431
15.058,0.593
12.026,3.169
12.232,0.54
12.232,0.336
13.377,0.534
13.729,0.406
13.965,0.312
15.296,1.175
15.584,0.382
15.642,0.631
15.911,1.717
16.155,0.953
17.734,0.305
10.433,0.624
10.921,2.384
12.435,0.594
12.778,0.319
13.004,0.357
13.037,0.346
13.141,0.677
13.599,1.035
13.746,0.658
13.746,0.347
14.05,0.573
14.729,0.329
15.02,0.404
16.872,0.335
19.141,0.31
19.217,0.388
11.496,0.646
11.864,0.374
11.931,0.424
13.329,0.3
14.119,0.619
14.119,0.384
15.887,0.313
16.26,0.334
19.677,0.338
10.313,0.401
11.188,0.839
12.459,0.423
12.583,0.3
12.84,1.022
12.961,0.678
13.163,0.351
15.187,0.627
11.508,0.499
11.578,0.808
11.639,2.114
11.87,0.71
13.292,0.33
13.363,0.819
13.844,0.505
13.874,0.308
13.925,0.514
15.928,0.727
12.578,0.468
12.708,0.37
12.856,0.625
13.145,0.549
14.732,0.555
15.091,0.834
15.144,0.394
16.414,0.551
10.191,1.138
10.846,0.51
11.467,0.568
11.816,0.707
12.043,0.318
13.401,0.512
13.68,0.402
14.18,0.467
14.229,0.451
14.296,0.654
15.615,0.396
16.254,0.317
10.993,0.375
12.337,0.522
12.904,0.721
13.173,0.555
14.403,0.344
14.961,0.546
15.183,0.515
16.414,0.518
16.639,0.38
11.481,0.668
11.728,0.366
11.921,0.525
11.921,0.4
12.296,0.377
13.204,0.337
13.235,0.588
13.391,0.395
13.876,0.426
13.931,0.346
15.432,0.366
15.958,0.634
15.958,0.4
16.028,0.366
16.212,0.435
16.326,0.351
11.05,0.618
11.123,0.539
11.218,1.059
12.56,0.643
12.716,0.629
12.805,0.434
12.879,2.147
12.923,0.468
12.996,0.318
13.346,3.72
14.479,0.367
14.738,0.706
16.362,0.408
16.841,0.342
11.397,0.348
12.035,0.505
12.19,0.48
13.312,0.636
15.404,0.885
10.882,0.344
12.369,0.349
12.599,0.394
12.842,0.302
12.884,0.563
12.986,0.527
13.322,0.967
14.655,0.334
14.765,0.363
15.266,0.522
11.902,0.304
12.06,0.455
12.116,0.635
12.28,0.501
12.28,0.501
13.497,0.512
13.637,0.353
13.671,0.568
15.451,0.43
15.54,0.465
16.114,0.38
10.898,0.31
10.982,0.339
11.096,0.506
11.096,0.506
11.21,0.565
12.293,0.376
12.443,0.808
12.726,2.095
12.817,0.482
12.884,0.454
13.103,3.397
13.32,0.508
14.478,0.356
15.144,0.542
15.194,0.442
9.988,0.527
9.988,0.498
10.196,0.517
11.601,0.342
11.754,0.504
11.754,0.507
12.041,0.429
13.691,0.749
15.3,0.375
10.86,0.69
11.096,0.3
12.418,0.38
12.459,0.329
12.517,0.517
12.7,0.337
14.003,0.302
14.444,0.976
15.164,0.317
16.868,0.744
11.45,0.955
11.642,0.582
11.642,0.369
11.739,0.573
12.061,0.342
13.301,0.37
14.203,1.154
14.215,0.542
14.289,0.315
15.429,0.305
15.493,1.197
15.9,0.721
17.214,0.352
10.559,0.436
10.775,0.33
10.849,0.462
10.948,0.313
11.052,0.414
12.723,0.307
14.432,0.693
14.688,0.59
14.688,0.466
14.829,0.56
11.708,1.466
11.729,0.647
11.834,0.321
12.03,0.403
12.032,0.691
12.164,0.314
12.233,0.53
12.232,0.475
13.471,2.418
14.186,0.442
15.611,0.543
15.942,0.31
16.133,0.418
16.194,0.398
10.792,0.347
10.855,0.673
10.959,0.377
11.285,0.324
12.527,0.576
12.527,0.355
14.358,0.617
14.624,0.358
15.346,0.419
15.482,0.747
15.482,0.487
15.583,0.324
16.106,0.609
16.106,0.366
16.18,0.303
11.6,0.324
12.024,0.356
13.412,0.301
13.442,0.328
13.496,0.345
13.856,0.502
14.06,0.427
15.452,1.107
15.701,0.529
10.746,0.711
11.004,1.806
12.396,0.754
12.521,0.318
12.595,0.619
12.841,0.358
12.925,0.389
13.108,0.383
14.521,0.401
14.736,0.6
14.848,0.478
15.141,0.351
15.185,0.355
16.408,0.603
16.512,1.028
16.597,0.407
11.341,0.54
11.341,0.412
11.949,0.31
13.385,0.612
13.49,0.438
13.537,0.879
13.827,0.393
14.086,0.645
14.086,0.427
14.212,0.345
11.228,0.345
12.498,0.539
12.498,0.476
14.608,0.412
14.967,0.77
15.023,0.436
15.063,0.304
15.273,1.152
16.471,0.534
16.567,0.351
16.802,0.379
11.408,0.58
11.625,1.025
11.948,0.724
12.119,2.216
12.225,0.36
12.327,0.33
13.726,0.514
13.861,0.718
13.993,1.895
15.597,0.66
16.155,0.535
20.137,0.394
12.531,0.301
12.596,4.4
12.674,0.372
13.068,0.36
13.186,0.639
15.09,0.92
11.411,0.503
11.949,0.519
12.017,0.575
16.075,0.371
16.235,0.478
3.186,0.325
3.206,0.502
10.815,0.522
11.494,0.552
12.374,0.367
13.039,0.56
13.261,0.51
13.368,0.514
13.368,0.476
14.613,0.324
14.801,0.339
14.877,0.43
18.711,0.514
9.923,0.34
11.376,0.319
12.005,2.561
12.035,0.339
12.346,0.864
13.401,0.624
12.237,4.574
12.337,1.047
13.405,0.306
13.541,0.774
13.89,0.4
13.941,0.419
13.983,0.306
15.782,0.757
7.226,0.311
10.861,0.301
10.861,0.313
12.765,0.305
12.988,1.093
12.988,1.093
13.165,0.501
13.165,0.501
13.234,0.319
16.891,0.351
16.891,0.312
9.488,0.54
9.488,0.54
10.293,0.314
10.293,0.386
10.31,0.319
10.31,0.437
11.029,0.309
11.043,1.971
11.043,1.928
11.142,0.528
11.142,0.528
11.813,0.302
11.813,0.3
12.007,0.303
13.441,0.326
13.497,0.458
13.497,0.459
13.65,0.327
13.65,0.309
13.892,0.588
13.892,0.588
13.962,0.325
14.242,0.331
14.242,0.335
14.344,0.305
3.264,0.353
3.264,0.35
12.396,0.366
12.683,0.326
13.262,0.306
14.528,0.685
14.528,0.715
10.059,0.308
12.517,0.367
12.607,0.594
12.766,0.61
12.903,0.317
13.342,0.347
13.783,0.506
13.921,0.301
13.979,0.813
14.114,0.592
16.425,0.941
10.528,0.335
11.56,0.377
12.363,1.572
15.486,0.337
12.41,0.517
12.539,0.305
12.578,0.41
12.85,0.39
12.949,0.34
13.19,0.564
13.281,0.542
13.358,0.324
13.407,0.319
13.864,0.379
13.997,0.602
14.086,0.301
14.138,0.34
14.293,0.334
14.33,0.336
11.132,0.532
11.717,0.515
11.855,0.382
11.908,0.337
12.061,0.409
12.143,0.715
15.461,0.313
15.836,0.305
16.059,0.364
19.006,0.397
9.149,0.32
9.503,0.545
9.951,0.453
10.352,0.332
12.744,0.686
12.986,0.705
13.25,0.502
13.401,0.512
13.714,0.377
13.849,0.341
11.13,0.906
11.393,0.339
11.506,0.984
12.001,0.488
12.265,0.642
12.324,0.403
14.839,0.314
15.798,0.352
9.396,0.31
12.406,0.357
12.623,0.363
12.699,0.333
12.879,0.369
12.915,0.377
13.026,0.315
13.074,0.314
13.236,0.659
13.795,0.36
13.978,0.344
10.581,0.528
11.063,1.95
11.094,0.352
11.148,1.238
11.29,0.325
11.355,0.346
12.124,0.646
14.704,0.305
9.946,0.501
12.406,0.437
12.47,0.373
13.326,0.523
13.36,0.492
14.148,1.896
10.615,0.761
10.756,0.794
10.91,0.61
11.549,0.506
11.745,0.365
11.967,0.315
12.24,0.694
14.753,1.714
15.111,0.301
15.137,0.323
10.524,0.353
10.92,0.867
10.963,0.385
11.106,0.319
11.209,0.444
11.229,0.354
11.657,0.34
12.426,0.424
14.557,1.485
15.092,2.778
15.66,0.481
15.714,0.307
19.532,0.351
19.58,0.32
20.205,0.301
10.357,0.366
12.568,0.321
12.604,0.46
13.158,0.306
13.863,0.533
10.526,0.789
12.25,0.562
8.706,0.446
12.374,0.655
12.542,0.421
12.545,0.521
12.644,0.329
12.789,0.466
13.009,0.417
13.191,0.348
13.449,0.513
13.578,0.416
13.616,0.411
14.397,0.333
16.516,0.306
10.936,0.364
11.47,0.344
11.879,0.547
12.374,0.507
14.746,0.34
14.907,0.587
15.029,0.318
15.186,0.515
9.928,0.346
12.701,0.473
12.796,0.612
13.388,0.304
13.541,0.355
13.621,0.539
13.82,0.305
13.931,0.411
13.942,0.579
14.275,0.364
4.353,0.33
10.572,0.319
10.832,0.319
10.851,0.364
10.866,2.449
11.041,0.416
11.291,0.37
11.404,0.43
11.754,0.576
12.159,0.388
12.345,0.357
9.736,0.368
12.451,0.355
12.941,0.812
13.277,0.599
13.603,0.372
13.696,0.308
16.458,0.427
16.809,0.389
21.05,0.348
3.703,0.333
13.081,1.052
14.956,0.35
15.132,0.406
15.301,0.825
19.403,0.318
9.565,0.532
11.54,0.336
11.608,1.633
11.878,0.335
12.202,0.615
15.879,0.326
10.692,0.314
11.078,0.305
11.192,0.602
13.185,0.301
14.678,0.587
15.163,0.338
15.192,0.364
16.413,0.307
19.368,0.331
20.707,0.525
9.791,0.362
11.652,0.312
11.902,0.325
11.986,0.707
12.344,1.137
13.06,0.538
13.099,0.449
13.594,0.338
13.721,0.37
13.934,0.336
14.442,0.633
16.201,0.526
10.902,0.502
11.087,0.89
11.227,0.355
11.349,0.341
12.63,0.57
12.785,0.345
12.898,0.332
13.002,0.68
14.828,0.532
14.884,0.374
15.014,0.636
16.919,0.535
10.013,0.348
11.408,0.393
11.501,0.309
11.925,0.732
12.021,0.305
12.139,0.307
12.466,0.315
12.673,0.36
12.705,0.487
12.78,0.54
13.049,0.526
13.248,0.505
13.278,1.024
13.384,0.347
13.801,0.307
13.862,0.383
15.941,0.342
12.709,0.37
12.941,0.408
13.486,2.619
10.789,0.44
11.31,0.31
12.443,0.631
12.776,0.503
13.062,0.516
13.144,0.302
14.198,0.302
14.612,0.343
14.624,0.318
14.787,0.586
15.029,0.307
15.066,0.323
15.141,0.314
15.216,0.537
15.299,0.395
10.34,0.357
10.432,1.891
12.284,0.663
12.337,1.409
13.629,0.32
13.751,0.53
13.819,0.33
15.488,0.515
15.568,0.303
16.448,0.322
4.855,0.307
12.31,0.45
12.738,0.317
12.823,0.469
13.035,0.306
13.116,0.387
14.545,0.307
14.579,0.322
14.648,0.36
14.959,0.411
15.036,0.317
15.305,0.64
12.044,0.317
12.257,0.663
12.35,0.34
13.62,0.305
13.717,0.549
13.777,0.303
13.921,0.51
15.755,0.625
15.915,0.32
6.527,0.621
11.182,0.405
11.451,0.331
12.109,0.532
12.505,0.352
12.562,0.515
12.586,0.402
12.646,0.511
12.795,0.353
12.911,0.703
13.128,1.57
14.466,0.368
15.001,0.312
16.678,0.367
16.731,0.352
10.443,0.357
12.278,0.42
12.278,0.66
12.376,0.305
13.427,0.38
13.459,0.327
13.459,0.327
13.479,0.405
13.856,0.541
13.882,0.419
15.549,0.318
15.624,0.347
9.252,0.301
11.944,0.568
12.471,0.909
12.474,0.436
12.857,0.371
13.317,0.49
13.397,1.474
14.755,0.314
14.992,0.353
20.839,0.504
10.188,0.362
11.49,0.418
12.281,0.623
12.431,0.315
12.655,0.797
13.46,0.305
14.209,1.655
14.236,0.327
15.788,0.408
15.858,0.367
16.29,0.346
11.725,0.79
11.997,0.341
12.024,0.311
12.186,0.556
12.214,0.363
12.24,0.313
13.57,0.325
13.914,0.502
14.11,0.662
14.19,0.458
14.399,0.326
15.736,0.512
16.315,0.386
20.059,0.302
11.48,0.334
12.659,0.334
12.682,0.315
12.884,0.591
13.045,0.586
13.267,0.331
13.331,0.535
13.359,0.318
13.411,0.373
14.445,0.324
15.086,0.425
15.337,0.314
21.219,0.501
11.555,0.354
11.972,0.628
12.132,0.344
12.267,2.399
13.682,0.332
13.733,0.347
13.94,0.334
14.135,0.523
15.783,0.413
15.883,0.341
16.221,0.302
8.492,0.3
10.596,0.378
10.646,0.824
10.646,0.637
11.267,0.332
12.576,0.353
12.616,0.329
12.86,0.511
12.929,0.301
13.351,0.407
13.421,0.352
15.029,0.8
15.056,0.394
15.119,0.46
21.046,0.533
12.479,0.492
12.487,0.5
13.481,0.328
13.598,0.397
14.343,0.39
14.392,0.306
14.551,0.337
14.608,0.347
14.927,0.343
15.358,1.072
14.01,0.318
15.468,0.505
15.503,0.31
16.041,0.321
16.097,0.38
16.413,0.41
21.038,0.585
10.154,0.974
12.306,0.301
13.507,0.356
14.708,0.42
14.806,0.311
15.485,0.395
15.544,0.526
16.426,0.884
21.712,0.666
8.716,0.372
11.215,0.625
11.278,0.315
14.576,0.666
14.686,0.875
14.937,0.316
15.063,0.453
15.382,0.518
15.448,0.41
19.258,0.694
10.007,0.359
11.651,0.3
11.897,0.31
11.947,0.525
12.01,1.191
12.332,0.308
12.387,0.32
12.419,0.334
13.375,0.506
14.278,0.412
15.673,0.844
15.906,0.414
20.024,0.595
9.253,0.569
10.926,0.334
11.159,0.512
11.184,0.468
11.231,0.522
11.323,0.359
12.895,0.561
12.898,0.333
13.046,0.517
13.089,0.756
13.399,0.301
13.46,0.314
14.479,0.401
14.803,0.531
15.182,0.341
15.32,0.357
16.678,0.406
21.051,0.592
9.757,0.775
11.545,0.576
12.08,0.316
12.171,0.341
12.438,0.575
13.459,1.019
13.502,0.327
13.592,0.339
13.614,0.899
13.776,0.459
14.225,0.725
15.587,0.334
15.668,0.305
15.905,1.095
16.388,0.385
19.564,0.312
10.891,0.524
11.176,0.331
11.258,0.413
11.301,0.405
11.387,0.318
11.418,0.373
11.449,0.416
12.801,0.401
13.516,0.328
13.549,0.3
13.583,0.382
13.594,0.356
13.996,0.882
14.011,0.945
15.001,0.303
15.375,0.313
11.501,0.315
11.888,0.49
12.069,0.353
12.314,0.405
12.411,0.42
12.477,0.475
13.498,0.442
14.313,0.372
14.359,0.397
14.368,0.333
15.703,0.4
15.941,0.493
11.132,0.372
11.347,0.308
11.43,0.316
12.67,0.881
12.982,0.597
13.306,0.334
13.378,0.303
13.479,0.343
14.505,1.434
14.548,0.308
14.639,0.506
14.669,0.657
14.759,0.45
14.806,0.301
15.249,0.655
15.368,0.391
15.435,0.383
16.622,0.52
19.314,0.34
11.699,0.323
11.756,0.511
11.81,0.321
11.864,0.305
12.297,0.725
13.638,0.325
13.734,0.75
13.863,0.313
14.03,0.311
14.127,0.348
14.178,0.954
14.243,0.34
14.51,0.31
15.508,0.342
16.364,0.325
10.838,0.312
12.694,0.622
12.797,0.313
12.807,0.308
12.989,0.754
13.019,0.361
13.088,0.312
13.214,0.352
13.293,0.45
13.478,0.695
14.484,0.462
14.701,0.356
15.044,0.351
16.664,0.396
16.846,0.325
9.979,0.317
10.312,0.38
10.354,0.569
11.483,0.503
11.582,0.305
11.841,0.359
12.084,0.331
12.148,0.437
12.342,0.518
12.433,0.562
12.451,0.321
13.538,0.413
13.584,0.544
13.814,0.373
13.852,0.537
14.329,0.742
14.389,0.548
14.435,0.438
15.573,0.322
16.024,0.415
11.193,2.305
11.298,0.422
12.56,0.378
12.617,0.429
13.466,0.325
14.001,0.337
14.588,0.326
11.194,0.48
12.816,0.342
12.879,0.333
14.681,0.414
15.072,0.654
16.512,0.363
2.253,0.304
11.568,0.574
11.693,0.516
11.726,0.343
11.799,0.525
12.051,0.588
12.063,1.156
12.122,3.621
12.259,0.404
12.369,0.503
13.789,0.393
13.873,0.451
13.978,0.844
14.048,1.215
16.081,0.631
16.149,0.372
16.377,0.305
16.42,0.324
16.529,0.326
17.648,0.303
17.721,0.383
18.458,1.215
11.398,0.533
11.423,1.827
12.703,0.365
13.245,0.546
13.253,1.095
13.498,3.004
14.874,0.307
15.076,0.374
15.506,0.64
9.733,0.56
9.737,0.303
11.745,0.54
11.929,0.495
11.939,0.409
11.972,0.355
12.007,0.306
13.778,0.358
14.131,0.316
14.136,0.553
14.322,0.335
14.357,0.348
14.539,0.304
15.974,0.339
10.96,0.343
12.607,0.567
12.755,0.564
12.758,0.42
12.964,0.33
12.998,0.343
13.493,0.361
14.397,0.426
15.002,0.35
15.015,0.305
10.459,0.514
11.858,0.429
11.985,0.337
12.2,0.329
12.468,0.578
12.524,0.445
14.191,0.544
16.122,0.547
10.622,4.869
10.64,0.651
11.215,0.459
11.414,0.309
11.448,0.317
12.561,0.38
12.564,0.315
12.606,0.307
13.187,1.932
13.373,0.455
14.71,0.723
14.819,0.301
14.9,0.343
15.167,0.377
17.048,0.339
9.567,0.416
10.334,0.362
11.861,0.505
11.969,0.466
12.178,0.891
12.24,0.304
19.897,0.341
22.156,0.405
10.797,1.434
11.374,0.308
11.418,0.429
12.742,0.359
12.995,0.516
13.464,0.355
20.755,0.621
12.23,0.973
13.904,0.633
8.998,0.796
10.973,1.38
11.552,0.305
11.716,0.526
11.868,0.305
12.328,0.337
12.842,0.543
12.884,0.389
12.917,0.347
13.108,0.343
13.467,0.688
14.989,1.131
15.228,0.82
13.282,0.355
13.893,0.63
14.015,0.349
15.802,0.318
16.026,0.302
8.811,0.318
8.811,0.318
10.96,0.704
10.96,0.704
11.317,0.366
11.317,0.366
11.541,0.481
11.541,0.51
12.572,0.305
12.572,0.305
13.151,0.431
13.151,0.431
13.369,0.641
13.369,0.641
13.737,0.3
13.737,0.3
13.904,0.336
13.904,0.336
14.051,0.522
14.051,0.565
15.621,1.111
15.621,1.111
15.887,0.506
15.887,0.506
15.887,0.448
20.682,0.559
20.69,0.508
20.69,0.508
10.009,0.438
10.463,0.37
14.821,0.412
15.152,0.33
15.239,0.46
15.343,0.454
15.485,0.329
11.395,0.33
12.717,0.354
14.643,0.317
15.218,0.314
21.089,0.604
10.183,1.047
10.292,0.548
11.728,0.346
12.341,0.868
13.768,0.382
14.104,0.568
13.13,0.387
13.251,0.324
13.347,0.305
19.52,0.325
11.664,0.428
12.135,0.545
13.989,0.424
14.296,0.616
14.842,0.399
14.954,3.036
15.286,0.303
15.433,0.331
15.508,0.325
16.65,0.526
9.51,0.559
10.95,0.814
11.296,0.522
12.693,0.627
12.735,0.602
13.206,0.33
12.066,0.438
12.066,0.562
12.273,0.344
12.366,0.565
13.697,0.37
14.495,0.435
15.881,0.573
20.047,0.352
22.291,0.506
12.679,0.391
13.325,0.315
14.51,0.551
14.726,0.364
15.005,0.321
15.183,0.433
15.279,0.304
16.573,0.311
12.349,0.613
13.598,0.314
13.887,0.347
14.382,0.421
14.411,0.5
14.518,0.335
15.818,0.354
15.956,0.345
10.811,0.424
11.014,0.329
11.125,0.312
11.769,0.43
13.179,0.303
13.221,0.375
13.363,0.394
13.454,0.365
15.289,0.422
19.356,0.329
10.082,0.545
10.361,0.599
10.506,0.519
11.884,0.416
12.247,0.318
12.299,0.308
12.417,0.422
19.611,0.346
21.759,0.548
22.131,0.615
10.62,0.553
11.008,0.357
11.157,0.336
11.201,0.53
11.521,0.327
12.846,1.034
13.168,0.395
14.744,0.317
14.903,0.319
9.912,0.641
11.999,0.765
22.111,0.572
11.206,0.515
12.719,0.395
12.858,0.329
13.002,0.472
13.257,0.447
9.188,0.312
10.149,0.549
10.733,0.307
11.596,0.504
11.652,0.502
12.092,0.549
12.326,0.309
13.645,4.314
13.761,0.309
14.3,0.459
11.121,4.213
12.935,0.827
14.582,0.328
15.264,0.506
16.354,0.515
16.577,0.375
16.577,0.595
9.946,0.415
12.041,0.483
12.453,1.543
13.758,0.378
13.804,1.499
16.0,0.992
9.588,0.34
11.078,0.348
11.235,0.341
11.424,0.486
13.371,0.33
14.851,0.372
14.946,0.657
15.152,0.566
10.284,0.363
10.565,0.453
12.302,0.539
12.308,0.348
12.532,0.494
12.532,0.494
14.422,3.282
9.428,0.926
12.931,0.524
13.058,0.35
13.612,0.302
14.944,1.102
15.493,0.316
17.055,0.515
22.372,0.307
10.154,0.31
10.594,0.533
10.948,0.301
11.006,0.342
11.689,0.332
11.774,0.625
11.935,0.313
12.239,0.387
12.293,4.933
12.328,0.366
12.651,0.778
12.718,0.661
12.979,0.393
13.526,0.362
14.148,0.393
14.199,0.607
16.249,0.301
16.839,0.651
22.488,0.508
10.847,0.322
10.956,0.331
10.956,0.618
11.112,0.577
11.207,0.532
11.241,0.314
11.414,0.553
11.924,0.397
12.249,0.497
12.532,0.301
13.766,0.31
14.146,0.505
14.339,0.442
14.339,0.824
14.376,0.582
14.831,0.615
15.142,0.558
15.308,0.344
15.887,0.325
18.361,0.689
19.659,0.65
4.267,0.383
4.519,0.337
4.551,0.636
4.64,0.367
6.062,0.339
6.144,0.425
6.389,0.398
9.199,0.322
9.613,0.675
10.21,0.894
10.379,0.403
10.532,0.55
10.654,0.648
10.768,0.441
11.511,0.753
11.711,2.217
12.193,0.463
12.231,0.441
12.476,1.253
12.627,0.332
12.914,0.691
13.084,0.313
13.339,0.424
13.339,0.693
13.704,1.773
13.948,0.303
14.061,0.52
14.176,0.558
14.335,0.521
15.771,0.303
16.139,0.823
16.191,0.514
2.263,0.555
5.964,0.304
6.443,0.536
6.611,0.552
6.776,0.604
6.888,0.349
7.058,0.328
7.089,0.312
7.174,0.904
7.313,0.367
7.37,0.385
7.474,0.321
7.564,0.339
7.936,0.338
8.927,0.626
9.002,0.31
9.106,0.349
9.22,0.541
9.416,0.578
10.872,1.133
10.985,2.132
12.661,1.172
12.904,1.084
13.007,1.007
13.052,0.372
13.512,2.081
15.136,0.634
16.854,0.558
23.106,0.561
5.105,0.669
5.155,0.392
5.263,0.372
5.263,0.61
5.431,0.627
5.528,0.323
5.611,0.343
5.679,0.768
5.738,0.848
5.809,0.499
5.841,0.394
5.896,0.382
5.926,0.318
6.147,0.949
6.316,0.845
6.348,0.537
6.503,0.554
6.569,0.414
6.632,0.603
8.176,0.599
9.676,0.312
10.014,1.126
10.201,0.506
10.461,1.779
10.575,1.868
11.129,0.504
11.404,0.366
11.451,0.371
11.767,0.653
12.221,0.565
12.271,0.582
12.406,1.033
12.883,0.461
13.919,0.599
14.163,0.408
16.506,0.702
2.187,0.314
11.133,0.387
11.299,1.103
11.326,0.407
11.468,0.623
11.965,0.512
13.199,0.311
13.397,0.973
13.569,0.67
13.903,0.522
14.512,0.419
14.625,0.675
15.905,0.406
15.905,0.735
17.182,0.564
18.25,0.528
18.564,0.54
21.655,0.694
23.24,0.558
5.189,0.544
10.387,0.532
12.284,0.402
12.347,0.367
15.217,0.421
15.469,0.325
15.568,0.305
18.019,0.512
18.442,0.557
22.307,0.522
11.45,0.335
11.547,0.354
14.059,0.575
14.756,0.543
15.498,1.039
7.253,1.218
7.267,0.301
11.883,1.304
12.182,2.914
13.802,1.56
7.111,0.841
7.114,0.65
11.722,0.319
11.831,0.503
11.852,0.372
11.95,0.5
12.439,0.528
12.515,0.433
12.793,0.304
13.224,0.396
13.485,0.501
13.588,0.816
13.974,0.711
14.088,0.371
14.299,0.543
15.229,0.545
15.483,0.715
16.595,0.306
16.849,0.316
21.638,0.543
5.116,0.303
6.353,0.512
12.253,1.195
12.579,0.321
12.977,0.342
13.044,0.424
13.618,0.307
13.647,0.448
14.011,0.502
14.716,0.324
15.025,2.373
15.143,2.386
15.364,0.51
15.72,0.574
18.289,0.638
19.643,0.369
7.143,0.377
10.86,0.564
11.108,0.456
11.429,0.317
11.612,0.634
12.676,0.318
13.016,0.38
13.077,0.332
13.109,0.345
14.691,0.411
14.868,0.328
14.988,0.806
17.509,0.601
18.959,0.507
21.349,0.719
10.215,0.565
10.305,0.428
11.934,2.029
13.711,0.488
14.305,0.635
14.447,0.314
14.6,0.306
15.827,2.236
5.446,0.354
10.952,0.521
11.379,0.953
13.436,0.38
13.473,0.314
13.762,0.335
13.853,0.342
15.216,1.882
16.302,0.606
11.701,0.346
12.473,0.369
12.932,0.344
13.2,0.52
13.403,1.252
13.48,1.696
14.18,0.472
15.132,0.452
22.371,0.68
11.947,0.463
12.061,0.422
13.544,0.417
14.757,0.312
15.181,0.368
15.515,0.899
15.593,0.302
9.754,0.352
10.046,0.547
11.692,0.35
11.977,0.379
12.837,0.308
13.028,6.345
14.007,0.404
14.128,0.328
14.192,0.381
14.602,0.575
15.907,0.389
15.945,1.126
16.029,1.046
22.126,0.505
5.37,1.065
11.335,0.532
12.248,0.56
12.506,2.55
12.67,0.427
13.877,1.293
14.202,0.324
14.337,0.359
15.463,0.335
15.495,0.373
15.634,0.596
22.237,0.548
5.078,0.415
10.366,0.551
10.436,0.454
11.226,0.309
11.451,0.506
12.449,0.68
12.652,0.509
12.727,0.383
12.939,0.404
13.04,0.382
13.891,0.653
14.108,0.564
14.449,0.52
14.678,0.388
14.94,0.536
15.27,0.625
15.973,0.3
17.005,0.406
21.483,0.511
23.424,0.51
5.017,0.52
5.036,0.719
5.196,0.512
5.565,0.423
9.073,0.435
9.398,0.94
10.456,0.447
10.851,0.643
11.246,0.519
11.447,0.318
11.447,0.642
12.718,0.531
12.895,0.314
13.289,0.318
13.338,0.546
13.502,0.314
13.623,0.621
14.654,0.319
15.351,0.306
18.462,0.536
1.94,0.535
8.041,0.304
8.266,0.322
8.423,0.354
8.587,0.301
9.966,0.597
10.716,2.9
11.18,0.511
11.414,1.135
11.904,0.319
12.334,0.631
12.607,0.678
14.371,0.332
15.029,0.338
15.103,0.784
15.247,0.657
15.287,0.64
15.448,0.953
15.636,0.799
18.44,0.516
22.238,0.515
4.837,1.004
5.843,0.347
5.843,0.606
10.817,0.523
11.078,0.342
11.078,0.632
11.378,0.411
12.146,1.59
12.641,1.307
13.478,0.583
13.774,0.327
14.337,0.381
15.177,0.583
15.403,0.644
15.527,0.315
16.839,0.664
16.879,0.332
21.914,0.568
10.646,0.391
10.945,0.326
11.001,0.421
11.597,0.384
11.986,0.307
12.344,0.831
12.416,0.322
12.454,0.54
12.621,0.623
12.7,0.358
12.78,0.428
12.78,0.539
12.854,0.308
13.343,0.379
13.482,0.331
13.627,0.322
13.774,0.386
14.734,0.318
14.804,0.734
14.843,0.346
14.953,0.369
15.318,0.432
15.395,0.567
15.713,1.14
16.022,0.43
18.521,0.537
18.669,0.407
12.013,0.324
12.211,0.519
12.321,0.372
12.648,0.561
13.006,0.426
13.14,0.943
13.837,0.317
14.538,0.303
15.092,0.345
15.749,0.456
15.839,0.362
16.229,0.879
10.949,0.386
11.15,0.403
11.495,1.031
11.618,0.461
12.499,0.56
12.616,0.507
12.871,0.312
13.553,0.326
13.616,0.337
14.263,0.34
14.444,0.41
14.762,0.304
14.84,0.345
14.974,0.731
21.556,0.569
11.002,0.545
11.082,0.962
11.507,1.22
12.258,0.583
12.587,0.415
12.587,0.595
13.098,0.37
13.391,0.659
13.823,0.35
15.074,0.41
15.24,0.423
19.102,0.701
22.238,0.626
10.056,0.396
10.056,0.396
10.558,0.503
10.872,0.512
11.102,0.434
11.11,1.005
11.421,0.62
12.809,0.427
12.984,0.369
13.014,0.339
13.14,0.354
13.202,0.528
13.544,0.333
13.916,0.514
14.208,1.213
14.322,0.972
14.397,0.385
14.507,0.32
14.552,0.323
14.634,0.611
15.15,0.534
15.569,0.508
15.903,1.163
16.827,0.317
18.787,0.315
22.246,0.698
2.667,0.301
5.507,0.581
5.706,0.515
5.741,0.417
5.793,0.591
6.258,0.321
6.303,0.792
6.421,1.455
6.466,1.654
6.495,0.365
6.561,0.759
6.775,0.556
10.686,0.654
10.815,0.311
11.152,0.32
11.501,0.346
11.621,0.338
12.816,0.345
12.988,0.362
13.188,0.32
13.584,0.33
13.649,0.379
15.431,0.541
4.122,0.443
4.403,0.308
4.528,0.596
5.784,0.685
6.54,0.53
10.156,0.625
10.539,0.394
12.213,0.592
12.252,0.4
12.348,0.509
12.445,0.904
12.653,0.517
12.787,0.321
12.964,0.379
13.239,0.552
13.365,0.311
13.45,0.53
13.677,0.617
13.799,0.327
13.876,0.33
13.956,1.057
14.008,0.462
14.039,0.746
14.294,0.614
14.868,0.313
15.184,0.505
15.6,0.532
16.213,0.354
22.696,0.514
11.379,0.369
12.252,0.349
12.792,0.743
12.963,0.367
13.501,0.439
13.574,0.311
14.049,0.478
14.084,0.3
14.114,0.353
14.367,0.479
14.738,0.626
14.952,0.565
16.448,0.328
17.097,0.384
17.097,0.611
18.996,0.561
2.07,0.356
10.484,0.506
10.847,0.388
12.109,0.353
12.401,0.329
12.54,0.638
13.134,0.638
13.436,0.338
13.565,0.317
13.963,0.35
14.053,0.376
14.223,0.401
14.419,0.513
14.74,0.36
15.118,1.772
17.32,0.359
18.059,0.542
18.747,0.719
6.407,0.538
6.484,0.549
10.686,0.613
11.365,1.145
11.407,1.222
12.674,0.399
12.726,0.423
13.448,0.519
13.762,0.404
15.034,0.388
15.19,0.619
15.248,0.369
16.059,0.361
18.303,0.57
18.686,0.395
21.811,0.603
2.387,0.308
10.579,1.355
10.678,0.917
10.782,0.461
11.155,0.536
12.355,0.335
12.549,0.33
12.564,0.378
12.612,0.417
12.732,0.316
12.858,0.335
13.5,0.344
13.689,0.631
13.893,0.418
14.131,0.403
14.984,0.395
15.185,0.774
15.473,0.392
16.068,0.317
18.41,0.372
18.691,0.309
10.688,0.371
10.816,3.369
10.854,0.532
11.106,0.307
11.325,0.331
11.624,1.279
11.672,0.322
11.703,0.3
12.081,0.308
12.882,0.598
15.201,0.865
15.398,0.698
15.559,1.064
15.929,0.338
16.146,1.006
16.371,0.347
16.409,0.947
16.732,0.589
18.27,0.661
18.717,0.574
18.766,0.365
9.795,0.4
10.519,0.358
10.614,2.328
10.897,0.327
11.038,1.748
11.119,0.835
11.206,0.62
11.239,0.751
11.347,0.662
13.301,0.343
13.367,0.97
14.148,1.852
14.241,0.422
14.626,0.538
14.839,0.461
18.284,0.308
18.472,0.655
18.721,0.574
18.803,0.718
19.213,0.513
22.524,0.592
10.938,1.148
10.967,0.4
11.303,0.454
11.421,0.567
11.449,1.272
11.617,0.342
11.617,0.529
16.985,1.013
17.028,0.477
18.694,0.305
8.534,0.328
8.585,0.318
10.068,0.738
10.466,1.006
10.548,0.301
10.577,0.32
11.918,0.894
12.159,0.668
12.276,0.301
12.366,0.375
12.974,0.316
12.974,0.543
13.237,0.304
14.306,0.536
14.637,0.85
21.496,0.68
21.943,0.573
10.756,1.68
10.835,0.34
11.048,0.347
11.048,0.631
12.923,0.442
12.923,0.806
13.043,0.423
13.097,0.342
13.229,0.59
13.365,0.366
13.717,0.326
13.84,0.71
13.972,0.333
16.299,0.363
16.511,0.532
18.888,0.743
19.781,0.344
7.222,0.521
10.326,0.375
12.167,3.432
14.063,0.74
14.234,0.329
22.447,0.544
5.051,0.684
8.537,0.349
11.304,0.327
11.382,0.513
11.942,0.636
13.009,0.412
13.056,0.312
13.31,0.315
14.834,0.446
14.896,0.453
15.176,0.392
15.477,0.444
23.467,0.511
2.421,0.565
6.023,0.52
10.324,1.718
11.894,0.36
12.512,0.51
13.826,0.384
14.148,0.316
14.32,0.344
14.518,0.311
15.62,0.391
15.706,0.657
17.032,0.837
22.289,0.656
7.042,0.476
7.181,0.843
9.407,0.529
11.005,0.305
11.26,0.32
11.356,0.312
12.791,0.558
12.909,0.325
12.939,0.358
13.228,1.456
13.454,0.523
14.953,0.352
15.816,0.435
16.082,0.502
16.287,0.326
16.473,0.817
6.103,0.343
6.309,0.679
10.101,0.559
10.142,0.314
10.609,0.362
10.653,0.358
12.051,0.329
12.257,0.309
12.257,0.529
12.379,2.924
12.525,0.776
13.738,0.307
14.031,0.553
14.067,0.435
14.183,0.328
14.263,0.309
22.167,0.534
22.545,0.522
2.605,0.543
3.484,0.324
4.554,0.32
4.599,0.579
5.023,0.402
5.132,0.377
5.186,0.325
5.253,1.169
5.322,0.384
7.55,1.285
7.692,0.342
8.738,0.385
10.883,0.385
11.505,0.628
12.102,0.362
13.138,0.388
13.713,0.331
13.761,0.317
13.885,0.355
14.195,0.402
15.798,0.729
15.832,0.344
18.425,0.652
18.635,0.522
19.347,0.713
19.421,0.348
21.978,0.603
22.794,0.912
23.546,0.693
2.099,0.616
4.447,0.311
5.813,0.418
5.9,0.334
6.342,0.326
8.376,1.843
8.635,0.332
10.036,1.502
10.135,0.524
10.566,0.36
12.181,0.456
12.383,0.334
12.411,0.336
14.629,0.358
14.692,0.383
14.816,0.688
15.143,0.744
15.361,0.462
15.361,0.546
15.508,0.5
15.747,0.519
16.1,0.494
21.954,0.613
22.111,0.558
23.013,0.645
4.85,0.324
5.494,0.364
5.597,0.543
7.289,0.53
9.699,0.561
10.902,0.53
11.121,0.367
11.613,0.361
13.182,4.409
13.265,0.541
13.514,0.625
13.608,0.501
14.688,0.309
14.902,0.715
15.051,0.518
15.149,0.339
15.531,0.583
18.764,0.632
21.756,0.691
21.991,1.164
22.151,0.662
5.151,0.31
6.027,0.715
7.701,0.754
7.782,0.565
8.01,0.514
8.071,0.394
8.503,0.352
8.564,0.882
8.615,0.375
8.669,0.354
10.061,0.354
12.509,0.378
13.782,0.302
13.865,0.311
15.823,1.232
15.902,0.84
15.926,0.529
16.663,0.381
21.98,0.316
21.984,0.561
4.969,0.579
4.969,0.621
5.085,0.441
5.491,0.347
10.712,0.695
10.901,0.301
11.27,0.419
11.422,0.358
13.156,0.378
13.531,0.332
15.025,0.301
15.056,0.355
18.968,0.585
22.779,0.543
23.036,0.615
5.586,0.345
5.586,0.563
6.482,0.358
6.586,0.628
10.046,0.313
10.146,0.358
10.413,0.758
12.732,0.993
13.721,0.374
14.545,0.868
15.857,0.338
16.151,0.627
16.339,2.113
16.562,0.546
18.244,0.523
6.781,0.33
6.881,0.514
7.501,1.169
10.786,0.324
11.407,0.322
13.308,0.405
13.858,0.371
14.056,0.32
15.092,0.3
19.764,1.033
19.895,0.783
21.735,0.535
7.094,0.726
7.584,1.104
8.347,0.383
8.394,0.455
8.432,0.637
8.476,0.625
8.569,0.3
8.618,0.306
9.878,0.888
10.429,0.512
12.133,1.38
13.057,0.557
13.113,0.951
13.901,0.338
14.234,0.575
15.901,0.311
21.901,0.748
22.414,0.733
22.551,1.1
22.556,0.31
22.709,0.77
22.91,0.763
2.426,0.342
5.446,0.503
5.855,0.719
7.029,0.506
7.196,0.333
7.509,0.648
10.264,0.367
11.081,0.31
11.321,0.806
12.335,0.509
12.545,0.385
12.766,1.515
13.27,0.457
13.27,0.7
13.92,0.866
14.839,0.444
20.975,0.537
21.953,1.068
22.16,1.053
22.296,0.586
22.503,0.537
6.926,0.426
7.914,0.305
8.042,0.321
9.738,0.342
10.454,2.121
10.966,0.37
11.061,0.383
11.225,0.524
11.324,0.902
12.075,0.452
12.508,0.739
12.53,0.908
12.68,0.331
13.317,0.573
13.702,0.607
13.824,0.65
14.099,0.321
14.437,0.379
16.03,0.34
16.944,0.729
21.636,0.565
22.099,0.75
22.531,0.657
8.692,0.324
10.394,0.334
10.655,0.31
10.83,0.43
10.947,0.59
11.202,0.601
11.748,0.555
12.656,0.315
12.781,0.845
13.017,0.311
13.073,0.356
13.13,0.374
13.238,0.567
15.946,0.413
16.539,0.635
16.637,0.382
18.727,0.4
18.759,0.311
18.831,0.354
18.921,0.688
18.971,0.367
19.007,0.446
19.054,0.354
19.095,0.315
19.122,0.507
19.221,0.445
19.283,0.378
19.385,0.342
21.228,0.567
22.124,0.571
22.606,0.622
5.009,0.319
5.162,0.37
5.25,0.482
6.126,0.406
7.023,0.37
8.121,0.318
8.474,0.409
8.474,0.521
8.552,0.378
8.639,0.304
8.705,0.305
8.798,0.537
9.987,2.093
10.305,0.502
10.355,0.341
10.847,0.509
11.175,1.652
11.222,0.303
11.302,0.307
11.795,0.448
11.915,0.302
12.23,0.335
12.493,0.302
12.609,0.573
12.699,0.346
13.824,0.452
14.238,0.531
15.554,1.257
16.347,0.471
16.578,0.728
18.784,0.502
19.426,0.503
21.501,0.32
21.789,0.388
21.988,0.695
22.174,0.613
22.972,0.517
22.972,0.364
23.068,0.564
23.392,0.59
3.806,0.532
7.124,0.644
7.763,0.313
7.824,0.362
7.83,0.676
7.841,0.301
8.258,0.547
8.505,0.427
8.714,0.301
8.881,0.312
8.892,0.326
8.934,0.4
8.994,0.403
9.166,0.367
9.285,0.314
10.135,0.891
10.344,0.828
10.344,0.386
10.648,0.381
11.992,0.512
13.129,0.402
13.663,1.671
13.958,0.651
14.148,0.367
14.196,1.315
15.12,0.697
15.306,2.175
15.86,0.349
18.833,0.304
19.024,0.616
19.566,0.509
21.838,0.896
5.033,0.531
5.256,0.333
5.311,0.397
7.116,0.45
7.281,0.923
7.608,0.571
7.939,0.681
8.296,0.508
10.704,0.467
10.746,0.464
12.868,0.667
19.148,0.651
19.638,0.756
21.135,0.564
22.787,0.319
23.035,0.616
4.361,0.528
8.342,0.349
8.385,0.423
8.438,0.343
8.491,0.344
8.542,0.552
8.65,0.383
8.71,0.306
8.761,0.306
8.969,0.32
10.543,0.547
10.543,0.332
12.301,0.762
12.417,0.726
12.469,1.436
12.682,0.528
13.847,0.631
14.532,0.421
18.613,0.401
22.53,1.788
6.844,0.622
7.653,0.703
10.276,0.513
10.411,0.327
10.649,1.073
10.9,0.503
11.186,0.368
11.414,0.328
11.578,0.567
12.921,1.314
13.688,0.451
14.967,0.315
19.649,0.795
21.331,0.7
7.744,0.394
7.779,0.526
7.845,0.442
7.889,0.346
7.958,0.306
8.124,0.309
10.124,0.35
10.389,0.746
12.107,0.413
12.632,0.345
13.726,0.406
13.928,0.337
14.011,0.392
18.541,0.612
19.806,0.64
8.726,0.304
9.269,0.517
9.576,0.697
10.74,0.341
10.852,0.322
11.131,0.799
11.198,0.837
12.943,0.518
13.114,0.3
13.151,0.812
13.314,0.647
13.392,0.318
18.897,0.847
19.032,0.61
23.022,0.569
5.435,0.79
7.937,0.666
8.425,0.644
12.102,0.976
12.185,0.367
12.925,0.636
13.002,0.364
13.307,0.317
13.979,0.504
14.249,0.519
14.575,0.507
15.628,0.373
16.312,0.947
18.1,0.317
7.462,0.655
7.912,0.359
8.032,0.38
8.118,0.891
8.196,0.545
8.232,0.323
8.266,0.594
8.358,0.31
8.408,0.568
8.564,0.405
8.611,0.506
8.662,0.579
8.72,0.466
8.771,0.487
8.831,0.476
8.883,0.349
8.954,0.343
9.007,0.481
9.462,0.666
13.337,0.3
13.565,0.519
22.956,0.713
23.055,0.517
7.761,0.701
7.839,0.59
7.918,0.397
7.989,0.67
8.062,0.839
8.133,0.705
8.137,0.476
8.193,0.69
8.276,0.448
8.326,0.514
8.378,0.405
8.464,0.674
8.648,0.519
8.699,0.884
10.312,0.565
10.323,0.891
10.436,0.409
10.602,0.541
10.701,0.403
10.701,0.403
10.874,0.307
11.115,0.619
11.115,0.332
12.399,1.143
13.855,0.391
13.935,0.558
18.43,0.549
20.592,0.545
22.0,0.809
22.192,0.932
5.176,0.324
5.264,0.352
5.321,0.31
5.65,0.425
5.753,0.447
6.086,0.596
6.086,0.301
6.196,0.551
9.734,0.591
10.831,0.316
11.173,0.781
11.543,0.757
18.143,0.355
18.553,0.345
18.638,0.301
22.389,0.511
23.051,0.569
1.094,0.524
1.438,0.521
8.155,0.541
11.433,0.589
11.599,0.675
11.623,0.34
11.691,0.553
12.301,0.421
15.444,0.302
4.793,0.382
9.814,0.503
9.944,0.662
13.174,1.233
13.339,0.31
13.725,0.505
14.009,0.69
14.14,0.551
15.52,0.543
18.487,0.607
19.142,0.562
19.292,0.616
21.959,0.955
22.333,1.092
22.531,0.534
22.754,0.542
22.84,0.549
22.852,0.614
1.25,0.55
4.932,0.59
5.143,0.439
5.444,0.458
5.971,0.335
6.305,0.661
10.097,0.617
10.301,2.442
10.349,0.376
10.521,0.65
10.688,0.699
10.688,0.378
11.001,0.517
12.966,0.521
13.635,0.454
14.038,0.616
14.303,0.589
14.573,0.4
14.906,0.62
15.135,0.514
15.963,0.402
16.159,0.551
16.342,0.904
16.532,0.439
19.703,0.698
20.923,0.558
21.379,0.525
8.33,0.758
8.596,0.519
10.455,0.705
12.051,0.302
12.205,0.445
12.562,0.36
12.583,0.336
15.904,0.311
18.136,0.464
19.818,0.32
1.183,0.533
5.075,0.577
7.294,0.85
10.916,1.531
11.242,0.508
11.59,0.919
11.705,0.414
12.739,0.89
13.239,0.386
13.393,0.515
13.516,0.354
13.521,0.317
14.863,0.343
18.545,0.524
18.846,0.633
4.425,0.527
6.5,0.724
8.068,0.522
10.332,0.576
12.015,0.314
12.1,0.399
12.373,0.341
12.623,0.443
12.695,0.413
14.709,0.519
15.988,0.506
16.579,0.316
9.553,0.415
10.869,0.643
12.707,0.545
12.837,0.801
13.102,0.322
13.146,0.556
13.327,0.368
13.636,0.607
15.681,0.353
19.096,0.787
8.179,0.689
10.124,1.616
12.605,0.485
13.76,0.348
13.845,0.554
14.417,0.524
14.581,0.315
15.752,0.328
16.009,0.403
18.647,0.523
18.705,0.518
19.044,0.507
9.395,1.019
11.72,0.309
12.789,0.346
13.002,0.41
13.285,0.564
14.957,0.315
15.109,0.503
15.695,0.406
16.746,0.647
18.047,0.767
18.824,0.414
18.895,0.32
19.131,0.326
19.163,0.54
11.64,0.348
11.666,0.611
11.666,0.39
11.711,0.374
12.093,0.361
12.163,0.365
12.381,0.321
12.543,0.53
13.802,0.443
13.887,0.359
14.544,0.35
16.058,0.543
16.104,0.344
18.664,0.549
21.804,0.64
7.242,0.59
9.044,0.6
9.359,0.566
10.666,0.545
10.666,0.425
11.229,2.125
12.773,0.361
13.009,0.355
13.084,0.515
13.381,0.569
14.709,0.353
18.747,0.359
18.799,0.564
18.892,0.625
18.947,0.558
18.947,0.465
18.997,0.338
19.1,0.43
19.186,0.598
19.286,0.703
19.346,0.576
19.384,0.596
19.421,0.433
19.525,0.467
19.556,0.317
21.22,0.625
21.564,0.546
9.949,0.536
11.713,0.305
13.975,0.516
14.135,2.853
15.726,0.305
15.908,0.383
15.976,0.314
0.98,0.707
10.731,0.499
10.914,0.602
12.803,0.324
12.911,0.382
13.004,0.562
13.637,0.449
15.467,0.724
18.863,0.621
3.827,0.545
4.379,0.39
10.345,0.417
10.471,0.587
11.698,0.346
12.459,0.401
12.502,0.43
14.225,0.569
14.468,0.302
15.889,0.423
18.247,0.508
21.787,0.627
3.016,0.501
9.642,0.425
11.509,0.317
11.689,2.56
13.078,0.637
13.078,0.337
13.259,0.586
14.956,0.303
18.842,0.677
18.989,0.521
19.303,0.321
21.36,0.539
6.315,0.695
8.991,0.55
9.532,0.655
10.68,0.301
13.997,0.334
14.239,0.328
16.442,0.44
18.369,0.609
1.206,0.925
3.019,0.511
5.344,0.503
6.952,0.55
7.642,0.856
9.601,0.549
10.448,0.65
13.146,0.392
13.527,0.593
13.527,0.511
13.716,0.789
17.102,0.723
17.102,0.545
18.896,0.59
21.467,0.55
3.798,0.41
3.906,0.356
4.016,0.752
5.793,0.553
6.24,0.518
11.939,0.383
11.965,0.664
11.965,0.506
12.265,0.307
12.353,0.372
12.402,0.371
12.532,0.311
15.836,0.857
16.111,0.907
21.887,0.571
8.899,0.805
9.241,0.93
9.509,0.817
9.509,0.305
11.026,0.402
13.001,0.386
13.247,0.44
16.672,0.301
18.897,0.512
19.278,0.32
21.239,0.515
3.846,0.618
3.947,0.395
6.404,0.694
10.599,1.051
10.655,1.94
13.747,0.341
0.852,0.301
1.147,0.565
3.287,0.364
9.025,0.844
11.205,0.745
11.399,0.574
12.957,0.47
13.222,0.306
13.301,0.341
13.444,0.67
14.768,0.328
15.249,0.413
16.813,0.596
18.713,0.525
18.969,0.514
21.515,0.681
4.169,0.544
5.979,0.72
6.34,0.703
8.026,1.287
10.358,0.995
10.676,0.369
11.996,0.367
12.111,0.399
12.608,0.502
18.299,0.53
1.525,0.542
9.118,0.63
9.534,0.627
12.935,0.583
12.966,0.336
13.304,0.47
15.3,0.346
15.532,1.02
19.017,0.587
19.126,0.531
19.161,0.67
19.192,0.529
19.234,0.309
19.65,0.481
19.684,0.304
20.843,0.66
3.667,0.447
3.851,0.514
5.824,0.741
6.057,0.601
9.711,0.369
10.256,0.352
10.612,0.4
12.425,0.326
13.729,0.77
15.958,0.318
16.284,0.413
16.307,0.412
16.419,0.922
5.308,0.637
9.247,1.078
11.078,0.88
11.429,0.315
11.514,0.381
13.265,4.886
13.316,0.916
13.35,1.959
13.412,0.318
14.987,0.392
18.811,0.554
20.852,0.538
3.742,0.501
6.383,0.62
8.251,0.775
10.528,0.335
12.356,0.366
12.538,0.909
14.225,0.301
14.514,0.493
15.989,1.003
16.412,0.858
5.024,0.351
11.178,0.486
13.078,0.55
13.243,0.968
18.798,0.729
18.934,0.73
18.934,0.365
20.947,0.537
6.214,0.714
12.189,0.937
12.661,0.34
14.267,0.403
14.302,0.539
15.859,0.337
16.087,0.304
11.206,1.411
11.581,0.415
12.929,0.393
13.952,2.567
14.064,0.32
14.959,0.553
14.959,0.446
18.604,0.527
18.779,0.532
20.545,0.706
20.756,0.529
2.089,0.68
4.305,0.333
4.612,0.324
5.185,0.408
6.0,0.354
6.091,0.507
6.195,0.609
6.195,0.441
6.232,0.45
8.33,0.548
9.652,0.358
12.389,1.399
13.931,0.318
14.051,1.409
14.154,0.404
14.375,4.0
14.556,0.32
3.07,0.53
14.803,0.703
17.584,0.306
18.743,0.402
18.792,1.197
18.918,0.383
19.066,0.318
20.785,0.551
2.277,0.534
4.306,0.556
6.131,0.848
13.715,0.372
13.761,0.346
14.199,0.504
18.41,0.652
18.472,0.558
